grid_id,year_month,failures_this_month,failures_last_1,failures_last_3,failures_last_6,failures_last_12,any_failure_last_3,any_failure_last_6,failure_next_month
7.0,2025-02,1,0.0,0.0,0.0,0.0,0,0,0
91.0,2025-07,1,0.0,0.0,0.0,0.0,0,0,0
94.0,2025-11,1,0.0,0.0,0.0,0.0,0,0,0
183.0,2025-07,1,0.0,0.0,0.0,0.0,0,0,0
264.0,2025-06,1,0.0,0.0,0.0,0.0,0,0,1
264.0,2025-07,1,1.0,0.0,0.0,0.0,0,0,1
264.0,2025-08,1,1.0,3.0,0.0,0.0,1,0,0
269.0,2025-08,1,0.0,0.0,0.0,0.0,0,0,0
270.0,2025-08,1,0.0,0.0,0.0,0.0,0,0,1
270.0,2025-12,1,1.0,0.0,0.0,0.0,0,0,0
355.0,2025-06,2,0.0,0.0,0.0,0.0,0,0,1
355.0,2025-07,1,2.0,0.0,0.0,0.0,0,0,0
356.0,2025-07,1,0.0,0.0,0.0,0.0,0,0,0
357.0,2025-03,1,0.0,0.0,0.0,0.0,0,0,0
441.0,2025-02,1,0.0,0.0,0.0,0.0,0,0,1
441.0,2025-04,1,1.0,0.0,0.0,0.0,0,0,0
443.0,2025-02,2,0.0,0.0,0.0,0.0,0,0,1
443.0,2025-07,1,2.0,0.0,0.0,0.0,0,0,0
448.0,2025-03,1,0.0,0.0,0.0,0.0,0,0,1
448.0,2025-04,1,1.0,0.0,0.0,0.0,0,0,1
448.0,2025-07,1,1.0,3.0,0.0,0.0,1,0,1
448.0,2025-08,1,1.0,3.0,0.0,0.0,1,0,0
533.0,2025-09,1,0.0,0.0,0.0,0.0,0,0,0
623.0,2025-03,1,0.0,0.0,0.0,0.0,0,0,1
623.0,2025-08,1,1.0,0.0,0.0,0.0,0,0,0
624.0,2025-03,1,0.0,0.0,0.0,0.0,0,0,1
624.0,2026-01,1,1.0,0.0,0.0,0.0,0,0,0
635.0,2025-09,1,0.0,0.0,0.0,0.0,0,0,0
722.0,2025-02,1,0.0,0.0,0.0,0.0,0,0,0
810.0,2025-10,1,0.0,0.0,0.0,0.0,0,0,0
881.0,2025-09,1,0.0,0.0,0.0,0.0,0,0,0
888.0,2025-03,2,0.0,0.0,0.0,0.0,0,0,1
888.0,2026-01,1,2.0,0.0,0.0,0.0,0,0,0
889.0,2025-06,1,0.0,0.0,0.0,0.0,0,0,0
899.0,2025-02,1,0.0,0.0,0.0,0.0,0,0,1
899.0,2025-03,2,1.0,0.0,0.0,0.0,0,0,0
968.0,2025-06,2,0.0,0.0,0.0,0.0,0,0,0
969.0,2025-06,1,0.0,0.0,0.0,0.0,0,0,0
981.0,2025-04,1,0.0,0.0,0.0,0.0,0,0,0
987.0,2025-08,1,0.0,0.0,0.0,0.0,0,0,0
1056.0,2025-05,1,0.0,0.0,0.0,0.0,0,0,1
1056.0,2025-10,1,1.0,0.0,0.0,0.0,0,0,1
1056.0,2025-12,1,1.0,3.0,0.0,0.0,1,0,0
1057.0,2026-01,1,0.0,0.0,0.0,0.0,0,0,0
1070.0,2025-07,1,0.0,0.0,0.0,0.0,0,0,0
1073.0,2025-09,1,0.0,0.0,0.0,0.0,0,0,0
1075.0,2025-02,1,0.0,0.0,0.0,0.0,0,0,1
1075.0,2025-07,3,1.0,0.0,0.0,0.0,0,0,0
1152.0,2025-03,1,0.0,0.0,0.0,0.0,0,0,1
1152.0,2025-06,1,1.0,0.0,0.0,0.0,0,0,0
1159.0,2025-05,1,0.0,0.0,0.0,0.0,0,0,0
1160.0,2025-03,1,0.0,0.0,0.0,0.0,0,0,0
1209.0,2025-03,3,0.0,0.0,0.0,0.0,0,0,0
1232.0,2025-03,1,0.0,0.0,0.0,0.0,0,0,1
1232.0,2025-06,1,1.0,0.0,0.0,0.0,0,0,1
1232.0,2025-12,1,1.0,3.0,0.0,0.0,1,0,0
1233.0,2025-05,1,0.0,0.0,0.0,0.0,0,0,0
1243.0,2025-02,1,0.0,0.0,0.0,0.0,0,0,1
1243.0,2025-04,1,1.0,0.0,0.0,0.0,0,0,1
1243.0,2026-01,1,1.0,3.0,0.0,0.0,1,0,0
1244.0,2025-10,1,0.0,0.0,0.0,0.0,0,0,0
1254.0,2025-03,2,0.0,0.0,0.0,0.0,0,0,0
1255.0,2025-03,1,0.0,0.0,0.0,0.0,0,0,1
1255.0,2025-04,1,1.0,0.0,0.0,0.0,0,0,0
1256.0,2025-03,1,0.0,0.0,0.0,0.0,0,0,0
1296.0,2025-08,1,0.0,0.0,0.0,0.0,0,0,0
1297.0,2025-03,2,0.0,0.0,0.0,0.0,0,0,1
1297.0,2025-08,1,2.0,0.0,0.0,0.0,0,0,1
1297.0,2025-10,1,1.0,4.0,0.0,0.0,1,0,0
1329.0,2025-04,1,0.0,0.0,0.0,0.0,0,0,1
1329.0,2025-06,1,1.0,0.0,0.0,0.0,0,0,1
1329.0,2026-01,1,1.0,3.0,0.0,0.0,1,0,0
1330.0,2025-07,1,0.0,0.0,0.0,0.0,0,0,0
1331.0,2025-04,3,0.0,0.0,0.0,0.0,0,0,0
1332.0,2025-04,1,0.0,0.0,0.0,0.0,0,0,0
1333.0,2025-04,2,0.0,0.0,0.0,0.0,0,0,1
1333.0,2026-01,1,2.0,0.0,0.0,0.0,0,0,0
1337.0,2025-05,1,0.0,0.0,0.0,0.0,0,0,0
1338.0,2026-01,1,0.0,0.0,0.0,0.0,0,0,0
1341.0,2025-05,1,0.0,0.0,0.0,0.0,0,0,0
1342.0,2025-03,1,0.0,0.0,0.0,0.0,0,0,0
1344.0,2025-09,1,0.0,0.0,0.0,0.0,0,0,0
1345.0,2025-06,1,0.0,0.0,0.0,0.0,0,0,1
1345.0,2025-08,1,1.0,0.0,0.0,0.0,0,0,0
1347.0,2025-05,1,0.0,0.0,0.0,0.0,0,0,0
1349.0,2025-07,1,0.0,0.0,0.0,0.0,0,0,0
1350.0,2025-02,3,0.0,0.0,0.0,0.0,0,0,1
1350.0,2025-04,1,3.0,0.0,0.0,0.0,0,0,1
1350.0,2025-05,1,1.0,5.0,0.0,0.0,1,0,1
1350.0,2025-07,1,1.0,3.0,0.0,0.0,1,0,1
1350.0,2025-09,1,1.0,3.0,0.0,0.0,1,0,1
1350.0,2025-10,2,1.0,4.0,9.0,0.0,1,1,1
1350.0,2025-12,1,2.0,4.0,7.0,0.0,1,1,0
1352.0,2025-10,1,0.0,0.0,0.0,0.0,0,0,0
1354.0,2025-04,1,0.0,0.0,0.0,0.0,0,0,0
1355.0,2025-05,15,0.0,0.0,0.0,0.0,0,0,1
1355.0,2025-09,2,15.0,0.0,0.0,0.0,0,0,0
1356.0,2025-05,1,0.0,0.0,0.0,0.0,0,0,1
1356.0,2025-06,1,1.0,0.0,0.0,0.0,0,0,0
1357.0,2025-02,1,0.0,0.0,0.0,0.0,0,0,0
1358.0,2025-02,2,0.0,0.0,0.0,0.0,0,0,0
1360.0,2025-02,1,0.0,0.0,0.0,0.0,0,0,1
1360.0,2025-11,1,1.0,0.0,0.0,0.0,0,0,0
1362.0,2025-10,1,0.0,0.0,0.0,0.0,0,0,0
1366.0,2025-02,1,0.0,0.0,0.0,0.0,0,0,1
1366.0,2025-05,1,1.0,0.0,0.0,0.0,0,0,1
1366.0,2025-06,1,1.0,3.0,0.0,0.0,1,0,1
1366.0,2025-11,1,1.0,3.0,0.0,0.0,1,0,0
1367.0,2025-02,1,0.0,0.0,0.0,0.0,0,0,1
1367.0,2025-04,1,1.0,0.0,0.0,0.0,0,0,1
1367.0,2025-07,1,1.0,3.0,0.0,0.0,1,0,0
1371.0,2025-02,1,0.0,0.0,0.0,0.0,0,0,0
1373.0,2026-01,1,0.0,0.0,0.0,0.0,0,0,0
1374.0,2025-03,4,0.0,0.0,0.0,0.0,0,0,0
1377.0,2025-05,1,0.0,0.0,0.0,0.0,0,0,0
1383.0,2025-06,1,0.0,0.0,0.0,0.0,0,0,1
1383.0,2026-01,1,1.0,0.0,0.0,0.0,0,0,0
1385.0,2025-04,1,0.0,0.0,0.0,0.0,0,0,1
1385.0,2025-05,2,1.0,0.0,0.0,0.0,0,0,1
1385.0,2025-10,1,2.0,4.0,0.0,0.0,1,0,0
1420.0,2025-03,1,0.0,0.0,0.0,0.0,0,0,0
1421.0,2025-06,1,0.0,0.0,0.0,0.0,0,0,1
1421.0,2025-09,1,1.0,0.0,0.0,0.0,0,0,1
1421.0,2026-01,1,1.0,3.0,0.0,0.0,1,0,0
1425.0,2025-04,1,0.0,0.0,0.0,0.0,0,0,0
1427.0,2025-10,1,0.0,0.0,0.0,0.0,0,0,0
1428.0,2025-03,1,0.0,0.0,0.0,0.0,0,0,0
1430.0,2025-12,1,0.0,0.0,0.0,0.0,0,0,0
1438.0,2025-03,1,0.0,0.0,0.0,0.0,0,0,0
1439.0,2025-06,1,0.0,0.0,0.0,0.0,0,0,0
1440.0,2025-07,1,0.0,0.0,0.0,0.0,0,0,0
1441.0,2025-07,2,0.0,0.0,0.0,0.0,0,0,0
1442.0,2025-02,1,0.0,0.0,0.0,0.0,0,0,0
1443.0,2025-02,1,0.0,0.0,0.0,0.0,0,0,1
1443.0,2025-04,1,1.0,0.0,0.0,0.0,0,0,1
1443.0,2025-05,1,1.0,3.0,0.0,0.0,1,0,0
1444.0,2025-02,1,0.0,0.0,0.0,0.0,0,0,0
1445.0,2025-04,1,0.0,0.0,0.0,0.0,0,0,0
1446.0,2025-05,1,0.0,0.0,0.0,0.0,0,0,1
1446.0,2025-10,1,1.0,0.0,0.0,0.0,0,0,0
1447.0,2025-11,1,0.0,0.0,0.0,0.0,0,0,0
1453.0,2025-10,1,0.0,0.0,0.0,0.0,0,0,1
1453.0,2026-01,1,1.0,0.0,0.0,0.0,0,0,0
1454.0,2025-02,1,0.0,0.0,0.0,0.0,0,0,1
1454.0,2025-03,2,1.0,0.0,0.0,0.0,0,0,1
1454.0,2025-10,1,2.0,4.0,0.0,0.0,1,0,0
1455.0,2025-06,1,0.0,0.0,0.0,0.0,0,0,0
1456.0,2025-09,1,0.0,0.0,0.0,0.0,0,0,0
1460.0,2025-04,1,0.0,0.0,0.0,0.0,0,0,1
1460.0,2025-09,2,1.0,0.0,0.0,0.0,0,0,1
1460.0,2025-10,1,2.0,4.0,0.0,0.0,1,0,0
1461.0,2025-05,1,0.0,0.0,0.0,0.0,0,0,0
1462.0,2025-03,2,0.0,0.0,0.0,0.0,0,0,1
1462.0,2025-07,1,2.0,0.0,0.0,0.0,0,0,1
1462.0,2025-08,2,1.0,5.0,0.0,0.0,1,0,0
1463.0,2025-02,1,0.0,0.0,0.0,0.0,0,0,1
1463.0,2025-11,1,1.0,0.0,0.0,0.0,0,0,1
1463.0,2026-01,1,1.0,3.0,0.0,0.0,1,0,0
1464.0,2025-02,1,0.0,0.0,0.0,0.0,0,0,1
1464.0,2025-07,1,1.0,0.0,0.0,0.0,0,0,1
1464.0,2025-09,1,1.0,3.0,0.0,0.0,1,0,0
1465.0,2025-02,1,0.0,0.0,0.0,0.0,0,0,1
1465.0,2025-05,1,1.0,0.0,0.0,0.0,0,0,1
1465.0,2025-07,1,1.0,3.0,0.0,0.0,1,0,0
1468.0,2025-07,1,0.0,0.0,0.0,0.0,0,0,1
1468.0,2025-08,1,1.0,0.0,0.0,0.0,0,0,1
1468.0,2026-01,1,1.0,3.0,0.0,0.0,1,0,0
1504.0,2025-04,1,0.0,0.0,0.0,0.0,0,0,0
1526.0,2025-09,1,0.0,0.0,0.0,0.0,0,0,0
1528.0,2025-07,1,0.0,0.0,0.0,0.0,0,0,0
1529.0,2025-02,1,0.0,0.0,0.0,0.0,0,0,0
1531.0,2025-03,1,0.0,0.0,0.0,0.0,0,0,0
1537.0,2025-04,1,0.0,0.0,0.0,0.0,0,0,0
1542.0,2025-04,1,0.0,0.0,0.0,0.0,0,0,1
1542.0,2025-05,1,1.0,0.0,0.0,0.0,0,0,1
1542.0,2025-06,1,1.0,3.0,0.0,0.0,1,0,1
1542.0,2025-11,1,1.0,3.0,0.0,0.0,1,0,1
1542.0,2025-12,1,1.0,3.0,0.0,0.0,1,0,0
1543.0,2025-02,1,0.0,0.0,0.0,0.0,0,0,1
1543.0,2025-06,2,1.0,0.0,0.0,0.0,0,0,0
1547.0,2025-04,1,0.0,0.0,0.0,0.0,0,0,1
1547.0,2025-07,1,1.0,0.0,0.0,0.0,0,0,0
1548.0,2025-03,1,0.0,0.0,0.0,0.0,0,0,0
1550.0,2025-05,1,0.0,0.0,0.0,0.0,0,0,1
1550.0,2025-07,1,1.0,0.0,0.0,0.0,0,0,0
1551.0,2025-07,1,0.0,0.0,0.0,0.0,0,0,0
1553.0,2025-04,1,0.0,0.0,0.0,0.0,0,0,1
1553.0,2025-05,1,1.0,0.0,0.0,0.0,0,0,1
1553.0,2025-07,1,1.0,3.0,0.0,0.0,1,0,0
1554.0,2025-06,1,0.0,0.0,0.0,0.0,0,0,1
1554.0,2025-08,5,1.0,0.0,0.0,0.0,0,0,1
1554.0,2025-09,1,5.0,7.0,0.0,0.0,1,0,1
1554.0,2025-11,1,1.0,7.0,0.0,0.0,1,0,0
1555.0,2025-02,2,0.0,0.0,0.0,0.0,0,0,1
1555.0,2025-03,1,2.0,0.0,0.0,0.0,0,0,1
1555.0,2025-04,1,1.0,4.0,0.0,0.0,1,0,1
1555.0,2025-08,1,1.0,3.0,0.0,0.0,1,0,1
1555.0,2025-10,1,1.0,3.0,0.0,0.0,1,0,0
1556.0,2025-10,1,0.0,0.0,0.0,0.0,0,0,0
1557.0,2025-05,1,0.0,0.0,0.0,0.0,0,0,0
1592.0,2025-03,1,0.0,0.0,0.0,0.0,0,0,0
1600.0,2025-10,1,0.0,0.0,0.0,0.0,0,0,0
1601.0,2025-08,1,0.0,0.0,0.0,0.0,0,0,1
1601.0,2026-01,1,1.0,0.0,0.0,0.0,0,0,0
1602.0,2025-09,1,0.0,0.0,0.0,0.0,0,0,1
1602.0,2025-12,1,1.0,0.0,0.0,0.0,0,0,0
1603.0,2025-06,1,0.0,0.0,0.0,0.0,0,0,0
1604.0,2025-07,1,0.0,0.0,0.0,0.0,0,0,0
1605.0,2026-01,1,0.0,0.0,0.0,0.0,0,0,0
1608.0,2025-03,1,0.0,0.0,0.0,0.0,0,0,1
1608.0,2025-11,1,1.0,0.0,0.0,0.0,0,0,0
1609.0,2025-02,1,0.0,0.0,0.0,0.0,0,0,1
1609.0,2025-03,1,1.0,0.0,0.0,0.0,0,0,1
1609.0,2025-10,1,1.0,3.0,0.0,0.0,1,0,0
1610.0,2025-02,1,0.0,0.0,0.0,0.0,0,0,0
1614.0,2025-02,1,0.0,0.0,0.0,0.0,0,0,1
1614.0,2025-03,1,1.0,0.0,0.0,0.0,0,0,0
1615.0,2025-05,1,0.0,0.0,0.0,0.0,0,0,0
1617.0,2025-02,1,0.0,0.0,0.0,0.0,0,0,1
1617.0,2025-04,1,1.0,0.0,0.0,0.0,0,0,0
1619.0,2025-11,1,0.0,0.0,0.0,0.0,0,0,0
1624.0,2025-03,1,0.0,0.0,0.0,0.0,0,0,0
1627.0,2025-12,1,0.0,0.0,0.0,0.0,0,0,0
1629.0,2025-04,2,0.0,0.0,0.0,0.0,0,0,1
1629.0,2025-06,1,2.0,0.0,0.0,0.0,0,0,1
1629.0,2025-07,2,1.0,5.0,0.0,0.0,1,0,0
1630.0,2025-02,1,0.0,0.0,0.0,0.0,0,0,1
1630.0,2025-04,2,1.0,0.0,0.0,0.0,0,0,1
1630.0,2025-08,2,2.0,5.0,0.0,0.0,1,0,0
1631.0,2025-09,1,0.0,0.0,0.0,0.0,0,0,0
1635.0,2025-09,2,0.0,0.0,0.0,0.0,0,0,0
1636.0,2025-05,1,0.0,0.0,0.0,0.0,0,0,0
1637.0,2025-02,1,0.0,0.0,0.0,0.0,0,0,0
1638.0,2025-04,1,0.0,0.0,0.0,0.0,0,0,1
1638.0,2025-06,1,1.0,0.0,0.0,0.0,0,0,1
1638.0,2025-09,1,1.0,3.0,0.0,0.0,1,0,1
1638.0,2025-10,1,1.0,3.0,0.0,0.0,1,0,1
1638.0,2025-11,1,1.0,3.0,0.0,0.0,1,0,0
1639.0,2025-05,1,0.0,0.0,0.0,0.0,0,0,1
1639.0,2025-06,1,1.0,0.0,0.0,0.0,0,0,0
1640.0,2025-07,1,0.0,0.0,0.0,0.0,0,0,1
1640.0,2025-08,1,1.0,0.0,0.0,0.0,0,0,0
1641.0,2025-07,1,0.0,0.0,0.0,0.0,0,0,1
1641.0,2025-08,2,1.0,0.0,0.0,0.0,0,0,0
1642.0,2025-03,1,0.0,0.0,0.0,0.0,0,0,1
1642.0,2025-05,2,1.0,0.0,0.0,0.0,0,0,1
1642.0,2025-06,1,2.0,4.0,0.0,0.0,1,0,1
1642.0,2025-07,2,1.0,5.0,0.0,0.0,1,0,1
1642.0,2025-08,1,2.0,4.0,0.0,0.0,1,0,1
1642.0,2025-10,2,1.0,5.0,9.0,0.0,1,1,1
1642.0,2026-01,1,2.0,4.0,9.0,0.0,1,1,0
1643.0,2025-02,1,0.0,0.0,0.0,0.0,0,0,1
1643.0,2025-07,1,1.0,0.0,0.0,0.0,0,0,1
1643.0,2025-08,1,1.0,3.0,0.0,0.0,1,0,1
1643.0,2025-10,1,1.0,3.0,0.0,0.0,1,0,1
1643.0,2025-11,1,1.0,3.0,0.0,0.0,1,0,0
1644.0,2025-03,1,0.0,0.0,0.0,0.0,0,0,1
1644.0,2025-04,1,1.0,0.0,0.0,0.0,0,0,1
1644.0,2025-05,3,1.0,5.0,0.0,0.0,1,0,1
1644.0,2025-09,3,3.0,7.0,0.0,0.0,1,0,1
1644.0,2026-01,2,3.0,8.0,0.0,0.0,1,0,0
1645.0,2025-07,1,0.0,0.0,0.0,0.0,0,0,1
1645.0,2025-08,1,1.0,0.0,0.0,0.0,0,0,0
1646.0,2025-03,1,0.0,0.0,0.0,0.0,0,0,1
1646.0,2025-09,1,1.0,0.0,0.0,0.0,0,0,1
1646.0,2025-12,1,1.0,3.0,0.0,0.0,1,0,0
1649.0,2025-05,1,0.0,0.0,0.0,0.0,0,0,0
1680.0,2025-03,1,0.0,0.0,0.0,0.0,0,0,1
1680.0,2025-05,1,1.0,0.0,0.0,0.0,0,0,0
1681.0,2025-05,1,0.0,0.0,0.0,0.0,0,0,0
1688.0,2025-03,1,0.0,0.0,0.0,0.0,0,0,0
1689.0,2025-02,1,0.0,0.0,0.0,0.0,0,0,0
1691.0,2025-05,1,0.0,0.0,0.0,0.0,0,0,1
1691.0,2025-09,1,1.0,0.0,0.0,0.0,0,0,1
1691.0,2025-12,1,1.0,3.0,0.0,0.0,1,0,0
1693.0,2025-03,1,0.0,0.0,0.0,0.0,0,0,1
1693.0,2025-12,1,1.0,0.0,0.0,0.0,0,0,0
1700.0,2025-05,1,0.0,0.0,0.0,0.0,0,0,1
1700.0,2025-07,1,1.0,0.0,0.0,0.0,0,0,1
1700.0,2025-08,1,1.0,3.0,0.0,0.0,1,0,0
1703.0,2025-09,2,0.0,0.0,0.0,0.0,0,0,0
1705.0,2025-06,1,0.0,0.0,0.0,0.0,0,0,0
1707.0,2025-02,2,0.0,0.0,0.0,0.0,0,0,1
1707.0,2025-10,1,2.0,0.0,0.0,0.0,0,0,1
1707.0,2025-12,1,1.0,4.0,0.0,0.0,1,0,0
1708.0,2025-10,1,0.0,0.0,0.0,0.0,0,0,0
1709.0,2026-01,1,0.0,0.0,0.0,0.0,0,0,0
1710.0,2025-05,1,0.0,0.0,0.0,0.0,0,0,1
1710.0,2025-11,2,1.0,0.0,0.0,0.0,0,0,0
1711.0,2025-06,1,0.0,0.0,0.0,0.0,0,0,0
1712.0,2025-04,1,0.0,0.0,0.0,0.0,0,0,0
1716.0,2025-02,2,0.0,0.0,0.0,0.0,0,0,0
1717.0,2025-04,2,0.0,0.0,0.0,0.0,0,0,1
1717.0,2025-07,1,2.0,0.0,0.0,0.0,0,0,0
1718.0,2025-04,2,0.0,0.0,0.0,0.0,0,0,1
1718.0,2025-07,1,2.0,0.0,0.0,0.0,0,0,1
1718.0,2026-01,1,1.0,4.0,0.0,0.0,1,0,0
1719.0,2025-05,1,0.0,0.0,0.0,0.0,0,0,0
1721.0,2025-08,1,0.0,0.0,0.0,0.0,0,0,0
1722.0,2025-03,1,0.0,0.0,0.0,0.0,0,0,1
1722.0,2025-04,1,1.0,0.0,0.0,0.0,0,0,0
1723.0,2025-10,1,0.0,0.0,0.0,0.0,0,0,1
1723.0,2025-12,1,1.0,0.0,0.0,0.0,0,0,0
1724.0,2025-02,1,0.0,0.0,0.0,0.0,0,0,1
1724.0,2025-04,1,1.0,0.0,0.0,0.0,0,0,1
1724.0,2025-06,1,1.0,3.0,0.0,0.0,1,0,1
1724.0,2025-07,1,1.0,3.0,0.0,0.0,1,0,1
1724.0,2025-10,1,1.0,3.0,0.0,0.0,1,0,0
1725.0,2025-02,6,0.0,0.0,0.0,0.0,0,0,0
1726.0,2025-09,1,0.0,0.0,0.0,0.0,0,0,1
1726.0,2025-11,1,1.0,0.0,0.0,0.0,0,0,0
1727.0,2025-08,1,0.0,0.0,0.0,0.0,0,0,0
1728.0,2025-03,1,0.0,0.0,0.0,0.0,0,0,1
1728.0,2026-01,1,1.0,0.0,0.0,0.0,0,0,0
1729.0,2025-03,2,0.0,0.0,0.0,0.0,0,0,1
1729.0,2025-06,1,2.0,0.0,0.0,0.0,0,0,1
1729.0,2025-07,3,1.0,6.0,0.0,0.0,1,0,1
1729.0,2025-11,1,3.0,5.0,0.0,0.0,1,0,0
1732.0,2025-09,1,0.0,0.0,0.0,0.0,0,0,0
1734.0,2025-08,1,0.0,0.0,0.0,0.0,0,0,0
1735.0,2025-09,1,0.0,0.0,0.0,0.0,0,0,0
1736.0,2025-07,1,0.0,0.0,0.0,0.0,0,0,1
1736.0,2025-09,1,1.0,0.0,0.0,0.0,0,0,1
1736.0,2025-10,1,1.0,3.0,0.0,0.0,1,0,0
1737.0,2025-05,1,0.0,0.0,0.0,0.0,0,0,0
1766.0,2025-03,1,0.0,0.0,0.0,0.0,0,0,0
1768.0,2025-04,1,0.0,0.0,0.0,0.0,0,0,0
1777.0,2025-02,1,0.0,0.0,0.0,0.0,0,0,1
1777.0,2025-05,1,1.0,0.0,0.0,0.0,0,0,1
1777.0,2025-09,2,1.0,4.0,0.0,0.0,1,0,0
1786.0,2025-02,1,0.0,0.0,0.0,0.0,0,0,0
1787.0,2025-06,1,0.0,0.0,0.0,0.0,0,0,0
1788.0,2025-06,1,0.0,0.0,0.0,0.0,0,0,1
1788.0,2025-08,1,1.0,0.0,0.0,0.0,0,0,0
1790.0,2025-03,1,0.0,0.0,0.0,0.0,0,0,1
1790.0,2025-04,1,1.0,0.0,0.0,0.0,0,0,0
1791.0,2025-02,2,0.0,0.0,0.0,0.0,0,0,1
1791.0,2025-06,1,2.0,0.0,0.0,0.0,0,0,0
1793.0,2025-06,1,0.0,0.0,0.0,0.0,0,0,0
1794.0,2025-03,2,0.0,0.0,0.0,0.0,0,0,1
1794.0,2025-07,1,2.0,0.0,0.0,0.0,0,0,0
1795.0,2025-02,1,0.0,0.0,0.0,0.0,0,0,1
1795.0,2025-05,2,1.0,0.0,0.0,0.0,0,0,1
1795.0,2025-10,1,2.0,4.0,0.0,0.0,1,0,0
1797.0,2025-06,1,0.0,0.0,0.0,0.0,0,0,0
1799.0,2025-07,1,0.0,0.0,0.0,0.0,0,0,1
1799.0,2025-09,1,1.0,0.0,0.0,0.0,0,0,1
1799.0,2025-12,1,1.0,3.0,0.0,0.0,1,0,1
1799.0,2026-01,1,1.0,3.0,0.0,0.0,1,0,0
1800.0,2025-03,1,0.0,0.0,0.0,0.0,0,0,1
1800.0,2025-05,1,1.0,0.0,0.0,0.0,0,0,1
1800.0,2025-08,1,1.0,3.0,0.0,0.0,1,0,0
1805.0,2025-06,1,0.0,0.0,0.0,0.0,0,0,0
1806.0,2025-03,1,0.0,0.0,0.0,0.0,0,0,1
1806.0,2025-04,1,1.0,0.0,0.0,0.0,0,0,1
1806.0,2025-06,1,1.0,3.0,0.0,0.0,1,0,1
1806.0,2025-09,2,1.0,4.0,0.0,0.0,1,0,1
1806.0,2025-10,1,2.0,4.0,0.0,0.0,1,0,0
1807.0,2025-05,2,0.0,0.0,0.0,0.0,0,0,0
1809.0,2025-02,2,0.0,0.0,0.0,0.0,0,0,1
1809.0,2025-08,1,2.0,0.0,0.0,0.0,0,0,0
1810.0,2025-07,1,0.0,0.0,0.0,0.0,0,0,1
1810.0,2025-12,3,1.0,0.0,0.0,0.0,0,0,0
1811.0,2025-02,1,0.0,0.0,0.0,0.0,0,0,1
1811.0,2025-03,1,1.0,0.0,0.0,0.0,0,0,1
1811.0,2025-04,1,1.0,3.0,0.0,0.0,1,0,1
1811.0,2025-06,1,1.0,3.0,0.0,0.0,1,0,1
1811.0,2025-07,1,1.0,3.0,0.0,0.0,1,0,1
1811.0,2025-12,1,1.0,3.0,6.0,0.0,1,1,0
1812.0,2025-04,2,0.0,0.0,0.0,0.0,0,0,0
1813.0,2025-03,2,0.0,0.0,0.0,0.0,0,0,1
1813.0,2025-05,1,2.0,0.0,0.0,0.0,0,0,0
1814.0,2025-07,3,0.0,0.0,0.0,0.0,0,0,1
1814.0,2025-11,4,3.0,0.0,0.0,0.0,0,0,1
1814.0,2026-01,1,4.0,8.0,0.0,0.0,1,0,0
1815.0,2025-06,1,0.0,0.0,0.0,0.0,0,0,1
1815.0,2025-07,2,1.0,0.0,0.0,0.0,0,0,0
1816.0,2025-03,1,0.0,0.0,0.0,0.0,0,0,1
1816.0,2025-06,2,1.0,0.0,0.0,0.0,0,0,1
1816.0,2025-09,3,2.0,6.0,0.0,0.0,1,0,0
1817.0,2025-02,1,0.0,0.0,0.0,0.0,0,0,1
1817.0,2025-07,1,1.0,0.0,0.0,0.0,0,0,0
1818.0,2025-03,1,0.0,0.0,0.0,0.0,0,0,1
1818.0,2025-07,1,1.0,0.0,0.0,0.0,0,0,0
1819.0,2025-02,1,0.0,0.0,0.0,0.0,0,0,0
1821.0,2025-09,1,0.0,0.0,0.0,0.0,0,0,0
1822.0,2025-06,1,0.0,0.0,0.0,0.0,0,0,0
1823.0,2025-03,1,0.0,0.0,0.0,0.0,0,0,1
1823.0,2026-01,1,1.0,0.0,0.0,0.0,0,0,0
1824.0,2025-02,1,0.0,0.0,0.0,0.0,0,0,1
1824.0,2025-09,1,1.0,0.0,0.0,0.0,0,0,1
1824.0,2026-01,1,1.0,3.0,0.0,0.0,1,0,0
1855.0,2025-12,1,0.0,0.0,0.0,0.0,0,0,0
1856.0,2025-04,1,0.0,0.0,0.0,0.0,0,0,0
1863.0,2025-03,1,0.0,0.0,0.0,0.0,0,0,1
1863.0,2025-05,2,1.0,0.0,0.0,0.0,0,0,0
1865.0,2025-10,1,0.0,0.0,0.0,0.0,0,0,0
1867.0,2025-08,1,0.0,0.0,0.0,0.0,0,0,1
1867.0,2025-12,1,1.0,0.0,0.0,0.0,0,0,1
1867.0,2026-01,1,1.0,3.0,0.0,0.0,1,0,0
1868.0,2025-03,1,0.0,0.0,0.0,0.0,0,0,0
1872.0,2025-03,1,0.0,0.0,0.0,0.0,0,0,0
1873.0,2025-02,1,0.0,0.0,0.0,0.0,0,0,1
1873.0,2025-03,1,1.0,0.0,0.0,0.0,0,0,0
1875.0,2025-05,1,0.0,0.0,0.0,0.0,0,0,1
1875.0,2025-09,1,1.0,0.0,0.0,0.0,0,0,0
1878.0,2025-03,1,0.0,0.0,0.0,0.0,0,0,1
1878.0,2025-06,1,1.0,0.0,0.0,0.0,0,0,0
1879.0,2025-07,1,0.0,0.0,0.0,0.0,0,0,0
1882.0,2025-02,1,0.0,0.0,0.0,0.0,0,0,0
1883.0,2025-04,1,0.0,0.0,0.0,0.0,0,0,1
1883.0,2025-09,1,1.0,0.0,0.0,0.0,0,0,1
1883.0,2025-10,2,1.0,4.0,0.0,0.0,1,0,0
1885.0,2025-05,1,0.0,0.0,0.0,0.0,0,0,0
1886.0,2025-02,1,0.0,0.0,0.0,0.0,0,0,1
1886.0,2025-04,1,1.0,0.0,0.0,0.0,0,0,1
1886.0,2025-11,1,1.0,3.0,0.0,0.0,1,0,0
1887.0,2025-03,2,0.0,0.0,0.0,0.0,0,0,1
1887.0,2026-01,1,2.0,0.0,0.0,0.0,0,0,0
1888.0,2025-04,2,0.0,0.0,0.0,0.0,0,0,1
1888.0,2025-06,1,2.0,0.0,0.0,0.0,0,0,0
1889.0,2025-04,1,0.0,0.0,0.0,0.0,0,0,0
1890.0,2025-04,1,0.0,0.0,0.0,0.0,0,0,1
1890.0,2026-01,1,1.0,0.0,0.0,0.0,0,0,0
1891.0,2025-04,1,0.0,0.0,0.0,0.0,0,0,1
1891.0,2025-06,1,1.0,0.0,0.0,0.0,0,0,1
1891.0,2025-07,1,1.0,3.0,0.0,0.0,1,0,0
1892.0,2025-08,1,0.0,0.0,0.0,0.0,0,0,0
1893.0,2025-03,1,0.0,0.0,0.0,0.0,0,0,0
1894.0,2025-04,1,0.0,0.0,0.0,0.0,0,0,1
1894.0,2025-05,1,1.0,0.0,0.0,0.0,0,0,1
1894.0,2025-06,1,1.0,3.0,0.0,0.0,1,0,1
1894.0,2025-08,1,1.0,3.0,0.0,0.0,1,0,1
1894.0,2025-09,1,1.0,3.0,0.0,0.0,1,0,0
1895.0,2025-09,1,0.0,0.0,0.0,0.0,0,0,0
1896.0,2025-02,1,0.0,0.0,0.0,0.0,0,0,0
1897.0,2025-04,1,0.0,0.0,0.0,0.0,0,0,1
1897.0,2025-05,3,1.0,0.0,0.0,0.0,0,0,1
1897.0,2025-07,1,3.0,5.0,0.0,0.0,1,0,1
1897.0,2025-09,1,1.0,5.0,0.0,0.0,1,0,0
1898.0,2025-07,4,0.0,0.0,0.0,0.0,0,0,1
1898.0,2025-09,2,4.0,0.0,0.0,0.0,0,0,1
1898.0,2025-10,2,2.0,8.0,0.0,0.0,1,0,1
1898.0,2025-12,1,2.0,5.0,0.0,0.0,1,0,0
1899.0,2025-07,1,0.0,0.0,0.0,0.0,0,0,1
1899.0,2025-09,1,1.0,0.0,0.0,0.0,0,0,0
1900.0,2025-05,1,0.0,0.0,0.0,0.0,0,0,1
1900.0,2025-08,1,1.0,0.0,0.0,0.0,0,0,0
1901.0,2025-07,2,0.0,0.0,0.0,0.0,0,0,1
1901.0,2025-11,1,2.0,0.0,0.0,0.0,0,0,0
1902.0,2025-08,1,0.0,0.0,0.0,0.0,0,0,0
1903.0,2025-04,1,0.0,0.0,0.0,0.0,0,0,1
1903.0,2025-05,1,1.0,0.0,0.0,0.0,0,0,0
1905.0,2025-07,1,0.0,0.0,0.0,0.0,0,0,1
1905.0,2025-10,1,1.0,0.0,0.0,0.0,0,0,0
1906.0,2025-04,1,0.0,0.0,0.0,0.0,0,0,1
1906.0,2025-06,1,1.0,0.0,0.0,0.0,0,0,0
1907.0,2025-02,1,0.0,0.0,0.0,0.0,0,0,0
1908.0,2025-02,1,0.0,0.0,0.0,0.0,0,0,1
1908.0,2025-03,2,1.0,0.0,0.0,0.0,0,0,0
1909.0,2025-02,1,0.0,0.0,0.0,0.0,0,0,1
1909.0,2025-06,1,1.0,0.0,0.0,0.0,0,0,1
1909.0,2025-09,2,1.0,4.0,0.0,0.0,1,0,0
1911.0,2026-01,1,0.0,0.0,0.0,0.0,0,0,0
1912.0,2025-06,1,0.0,0.0,0.0,0.0,0,0,0
1942.0,2025-09,1,0.0,0.0,0.0,0.0,0,0,0
1957.0,2025-06,1,0.0,0.0,0.0,0.0,0,0,0
1958.0,2025-03,1,0.0,0.0,0.0,0.0,0,0,1
1958.0,2025-09,1,1.0,0.0,0.0,0.0,0,0,0
1959.0,2025-11,1,0.0,0.0,0.0,0.0,0,0,0
1960.0,2025-02,1,0.0,0.0,0.0,0.0,0,0,0
1961.0,2025-02,1,0.0,0.0,0.0,0.0,0,0,0
1963.0,2025-05,1,0.0,0.0,0.0,0.0,0,0,0
1965.0,2025-08,1,0.0,0.0,0.0,0.0,0,0,0
1966.0,2025-02,1,0.0,0.0,0.0,0.0,0,0,1
1966.0,2025-05,1,1.0,0.0,0.0,0.0,0,0,0
1967.0,2025-02,1,0.0,0.0,0.0,0.0,0,0,1
1967.0,2025-05,1,1.0,0.0,0.0,0.0,0,0,0
1971.0,2025-03,1,0.0,0.0,0.0,0.0,0,0,0
1973.0,2025-05,1,0.0,0.0,0.0,0.0,0,0,0
1974.0,2025-12,1,0.0,0.0,0.0,0.0,0,0,0
1975.0,2025-03,1,0.0,0.0,0.0,0.0,0,0,1
1975.0,2025-05,1,1.0,0.0,0.0,0.0,0,0,1
1975.0,2025-10,1,1.0,3.0,0.0,0.0,1,0,0
1978.0,2025-11,1,0.0,0.0,0.0,0.0,0,0,0
1981.0,2025-04,1,0.0,0.0,0.0,0.0,0,0,1
1981.0,2025-06,1,1.0,0.0,0.0,0.0,0,0,0
1982.0,2025-05,2,0.0,0.0,0.0,0.0,0,0,1
1982.0,2025-06,2,2.0,0.0,0.0,0.0,0,0,1
1982.0,2025-07,1,2.0,5.0,0.0,0.0,1,0,1
1982.0,2025-10,1,1.0,4.0,0.0,0.0,1,0,1
1982.0,2025-11,1,1.0,3.0,0.0,0.0,1,0,0
1983.0,2025-04,1,0.0,0.0,0.0,0.0,0,0,1
1983.0,2025-06,2,1.0,0.0,0.0,0.0,0,0,1
1983.0,2025-07,1,2.0,4.0,0.0,0.0,1,0,0
1986.0,2025-07,3,0.0,0.0,0.0,0.0,0,0,1
1986.0,2025-12,1,3.0,0.0,0.0,0.0,0,0,0
1987.0,2025-05,4,0.0,0.0,0.0,0.0,0,0,1
1987.0,2025-06,1,4.0,0.0,0.0,0.0,0,0,1
1987.0,2025-07,1,1.0,6.0,0.0,0.0,1,0,1
1987.0,2025-08,1,1.0,3.0,0.0,0.0,1,0,1
1987.0,2025-09,1,1.0,3.0,0.0,0.0,1,0,0
1988.0,2025-05,1,0.0,0.0,0.0,0.0,0,0,1
1988.0,2025-09,1,1.0,0.0,0.0,0.0,0,0,0
1990.0,2025-03,2,0.0,0.0,0.0,0.0,0,0,1
1990.0,2025-04,1,2.0,0.0,0.0,0.0,0,0,1
1990.0,2025-07,1,1.0,4.0,0.0,0.0,1,0,1
1990.0,2025-08,1,1.0,3.0,0.0,0.0,1,0,1
1990.0,2025-09,2,1.0,4.0,0.0,0.0,1,0,1
1990.0,2026-01,1,2.0,4.0,8.0,0.0,1,1,0
1991.0,2025-02,2,0.0,0.0,0.0,0.0,0,0,1
1991.0,2025-03,1,2.0,0.0,0.0,0.0,0,0,1
1991.0,2025-06,4,1.0,7.0,0.0,0.0,1,0,1
1991.0,2025-08,1,4.0,6.0,0.0,0.0,1,0,1
1991.0,2025-10,1,1.0,6.0,0.0,0.0,1,0,0
1992.0,2025-02,1,0.0,0.0,0.0,0.0,0,0,1
1992.0,2025-05,1,1.0,0.0,0.0,0.0,0,0,1
1992.0,2025-06,1,1.0,3.0,0.0,0.0,1,0,1
1992.0,2025-10,2,1.0,4.0,0.0,0.0,1,0,0
1993.0,2025-03,2,0.0,0.0,0.0,0.0,0,0,1
1993.0,2025-04,1,2.0,0.0,0.0,0.0,0,0,1
1993.0,2025-05,1,1.0,4.0,0.0,0.0,1,0,1
1993.0,2025-06,2,1.0,4.0,0.0,0.0,1,0,1
1993.0,2025-07,4,2.0,7.0,0.0,0.0,1,0,1
1993.0,2025-08,3,4.0,9.0,13.0,0.0,1,1,1
1993.0,2025-09,2,3.0,9.0,13.0,0.0,1,1,1
1993.0,2025-10,2,2.0,7.0,14.0,0.0,1,1,0
1994.0,2025-09,1,0.0,0.0,0.0,0.0,0,0,0
1995.0,2025-02,1,0.0,0.0,0.0,0.0,0,0,1
1995.0,2025-04,1,1.0,0.0,0.0,0.0,0,0,0
1996.0,2025-07,1,0.0,0.0,0.0,0.0,0,0,1
1996.0,2025-08,1,1.0,0.0,0.0,0.0,0,0,0
1997.0,2025-10,1,0.0,0.0,0.0,0.0,0,0,0
1999.0,2025-05,1,0.0,0.0,0.0,0.0,0,0,0
2000.0,2025-10,1,0.0,0.0,0.0,0.0,0,0,0
2029.0,2025-04,1,0.0,0.0,0.0,0.0,0,0,0
2030.0,2025-06,1,0.0,0.0,0.0,0.0,0,0,0
2041.0,2025-05,1,0.0,0.0,0.0,0.0,0,0,0
2042.0,2025-02,2,0.0,0.0,0.0,0.0,0,0,1
2042.0,2025-05,2,2.0,0.0,0.0,0.0,0,0,0
2043.0,2025-03,1,0.0,0.0,0.0,0.0,0,0,0
2044.0,2025-02,1,0.0,0.0,0.0,0.0,0,0,0
2045.0,2025-02,1,0.0,0.0,0.0,0.0,0,0,0
2046.0,2025-04,1,0.0,0.0,0.0,0.0,0,0,1
2046.0,2025-10,1,1.0,0.0,0.0,0.0,0,0,0
2048.0,2025-04,1,0.0,0.0,0.0,0.0,0,0,0
2049.0,2025-05,2,0.0,0.0,0.0,0.0,0,0,1
2049.0,2025-08,1,2.0,0.0,0.0,0.0,0,0,0
2051.0,2025-03,1,0.0,0.0,0.0,0.0,0,0,1
2051.0,2025-04,1,1.0,0.0,0.0,0.0,0,0,0
2054.0,2025-04,1,0.0,0.0,0.0,0.0,0,0,0
2055.0,2025-03,1,0.0,0.0,0.0,0.0,0,0,0
2056.0,2025-07,1,0.0,0.0,0.0,0.0,0,0,0
2057.0,2025-02,1,0.0,0.0,0.0,0.0,0,0,1
2057.0,2025-06,1,1.0,0.0,0.0,0.0,0,0,0
2058.0,2025-03,1,0.0,0.0,0.0,0.0,0,0,0
2059.0,2025-02,2,0.0,0.0,0.0,0.0,0,0,1
2059.0,2025-03,1,2.0,0.0,0.0,0.0,0,0,1
2059.0,2025-04,1,1.0,4.0,0.0,0.0,1,0,1
2059.0,2025-06,1,1.0,3.0,0.0,0.0,1,0,1
2059.0,2025-07,1,1.0,3.0,0.0,0.0,1,0,1
2059.0,2025-08,1,1.0,3.0,7.0,0.0,1,1,0
2060.0,2025-04,1,0.0,0.0,0.0,0.0,0,0,0
2061.0,2025-11,1,0.0,0.0,0.0,0.0,0,0,0
2062.0,2025-02,1,0.0,0.0,0.0,0.0,0,0,1
2062.0,2025-03,1,1.0,0.0,0.0,0.0,0,0,1
2062.0,2025-06,1,1.0,3.0,0.0,0.0,1,0,1
2062.0,2025-07,2,1.0,4.0,0.0,0.0,1,0,0
2063.0,2025-05,1,0.0,0.0,0.0,0.0,0,0,1
2063.0,2025-06,1,1.0,0.0,0.0,0.0,0,0,0
2066.0,2025-11,1,0.0,0.0,0.0,0.0,0,0,0
2067.0,2025-05,1,0.0,0.0,0.0,0.0,0,0,1
2067.0,2025-07,2,1.0,0.0,0.0,0.0,0,0,0
2068.0,2025-03,1,0.0,0.0,0.0,0.0,0,0,0
2069.0,2025-03,2,0.0,0.0,0.0,0.0,0,0,1
2069.0,2025-06,2,2.0,0.0,0.0,0.0,0,0,0
2070.0,2025-10,1,0.0,0.0,0.0,0.0,0,0,0
2072.0,2025-10,1,0.0,0.0,0.0,0.0,0,0,1
2072.0,2025-12,1,1.0,0.0,0.0,0.0,0,0,1
2072.0,2026-01,1,1.0,3.0,0.0,0.0,1,0,0
2075.0,2025-02,1,0.0,0.0,0.0,0.0,0,0,0
2077.0,2025-02,1,0.0,0.0,0.0,0.0,0,0,1
2077.0,2025-05,2,1.0,0.0,0.0,0.0,0,0,1
2077.0,2025-10,6,2.0,9.0,0.0,0.0,1,0,0
2078.0,2025-03,2,0.0,0.0,0.0,0.0,0,0,1
2078.0,2025-04,1,2.0,0.0,0.0,0.0,0,0,1
2078.0,2025-08,3,1.0,6.0,0.0,0.0,1,0,0
2079.0,2025-11,1,0.0,0.0,0.0,0.0,0,0,0
2080.0,2025-05,1,0.0,0.0,0.0,0.0,0,0,1
2080.0,2025-06,1,1.0,0.0,0.0,0.0,0,0,0
2081.0,2025-02,1,0.0,0.0,0.0,0.0,0,0,1
2081.0,2025-04,1,1.0,0.0,0.0,0.0,0,0,1
2081.0,2025-05,3,1.0,5.0,0.0,0.0,1,0,1
2081.0,2025-09,1,3.0,5.0,0.0,0.0,1,0,1
2081.0,2025-10,2,1.0,6.0,0.0,0.0,1,0,1
2081.0,2025-11,1,2.0,4.0,9.0,0.0,1,1,1
2081.0,2026-01,1,1.0,4.0,9.0,0.0,1,1,0
2082.0,2025-06,1,0.0,0.0,0.0,0.0,0,0,1
2082.0,2026-01,1,1.0,0.0,0.0,0.0,0,0,0
2083.0,2025-04,1,0.0,0.0,0.0,0.0,0,0,1
2083.0,2025-06,1,1.0,0.0,0.0,0.0,0,0,1
2083.0,2025-10,1,1.0,3.0,0.0,0.0,1,0,0
2084.0,2025-03,2,0.0,0.0,0.0,0.0,0,0,1
2084.0,2025-04,1,2.0,0.0,0.0,0.0,0,0,0
2085.0,2025-03,1,0.0,0.0,0.0,0.0,0,0,1
2085.0,2025-06,1,1.0,0.0,0.0,0.0,0,0,1
2085.0,2025-08,1,1.0,3.0,0.0,0.0,1,0,0
2086.0,2025-03,1,0.0,0.0,0.0,0.0,0,0,0
2087.0,2025-04,2,0.0,0.0,0.0,0.0,0,0,1
2087.0,2025-06,2,2.0,0.0,0.0,0.0,0,0,1
2087.0,2025-07,2,2.0,6.0,0.0,0.0,1,0,0
2088.0,2025-03,2,0.0,0.0,0.0,0.0,0,0,0
2127.0,2025-07,1,0.0,0.0,0.0,0.0,0,0,0
2129.0,2025-04,2,0.0,0.0,0.0,0.0,0,0,0
2132.0,2025-02,1,0.0,0.0,0.0,0.0,0,0,0
2133.0,2025-04,1,0.0,0.0,0.0,0.0,0,0,1
2133.0,2025-08,1,1.0,0.0,0.0,0.0,0,0,0
2134.0,2025-05,1,0.0,0.0,0.0,0.0,0,0,0
2135.0,2025-03,1,0.0,0.0,0.0,0.0,0,0,1
2135.0,2025-04,1,1.0,0.0,0.0,0.0,0,0,1
2135.0,2025-05,1,1.0,3.0,0.0,0.0,1,0,1
2135.0,2025-09,1,1.0,3.0,0.0,0.0,1,0,1
2135.0,2025-10,2,1.0,4.0,0.0,0.0,1,0,0
2139.0,2025-02,1,0.0,0.0,0.0,0.0,0,0,1
2139.0,2025-04,1,1.0,0.0,0.0,0.0,0,0,1
2139.0,2025-06,2,1.0,4.0,0.0,0.0,1,0,1
2139.0,2025-08,1,2.0,4.0,0.0,0.0,1,0,1
2139.0,2025-09,1,1.0,4.0,0.0,0.0,1,0,0
2140.0,2025-04,1,0.0,0.0,0.0,0.0,0,0,0
2141.0,2025-02,3,0.0,0.0,0.0,0.0,0,0,1
2141.0,2025-03,1,3.0,0.0,0.0,0.0,0,0,1
2141.0,2025-04,1,1.0,5.0,0.0,0.0,1,0,1
2141.0,2025-09,2,1.0,4.0,0.0,0.0,1,0,0
2142.0,2025-03,2,0.0,0.0,0.0,0.0,0,0,1
2142.0,2025-04,1,2.0,0.0,0.0,0.0,0,0,1
2142.0,2025-05,1,1.0,4.0,0.0,0.0,1,0,1
2142.0,2025-06,1,1.0,3.0,0.0,0.0,1,0,0
2143.0,2025-03,1,0.0,0.0,0.0,0.0,0,0,1
2143.0,2025-06,1,1.0,0.0,0.0,0.0,0,0,0
2144.0,2025-07,1,0.0,0.0,0.0,0.0,0,0,0
2146.0,2025-06,1,0.0,0.0,0.0,0.0,0,0,0
2147.0,2025-06,2,0.0,0.0,0.0,0.0,0,0,0
2150.0,2025-06,1,0.0,0.0,0.0,0.0,0,0,1
2150.0,2025-07,1,1.0,0.0,0.0,0.0,0,0,0
2151.0,2025-04,1,0.0,0.0,0.0,0.0,0,0,1
2151.0,2025-06,1,1.0,0.0,0.0,0.0,0,0,0
2152.0,2025-04,1,0.0,0.0,0.0,0.0,0,0,0
2153.0,2025-04,1,0.0,0.0,0.0,0.0,0,0,1
2153.0,2025-05,1,1.0,0.0,0.0,0.0,0,0,0
2154.0,2025-04,1,0.0,0.0,0.0,0.0,0,0,1
2154.0,2025-05,1,1.0,0.0,0.0,0.0,0,0,0
2155.0,2025-02,1,0.0,0.0,0.0,0.0,0,0,1
2155.0,2025-05,1,1.0,0.0,0.0,0.0,0,0,1
2155.0,2025-06,2,1.0,4.0,0.0,0.0,1,0,1
2155.0,2025-12,1,2.0,4.0,0.0,0.0,1,0,0
2156.0,2025-02,1,0.0,0.0,0.0,0.0,0,0,1
2156.0,2025-06,1,1.0,0.0,0.0,0.0,0,0,1
2156.0,2025-09,1,1.0,3.0,0.0,0.0,1,0,0
2162.0,2025-03,1,0.0,0.0,0.0,0.0,0,0,0
2163.0,2025-05,4,0.0,0.0,0.0,0.0,0,0,1
2163.0,2025-06,1,4.0,0.0,0.0,0.0,0,0,0
2165.0,2025-03,1,0.0,0.0,0.0,0.0,0,0,1
2165.0,2026-01,1,1.0,0.0,0.0,0.0,0,0,0
2166.0,2025-05,1,0.0,0.0,0.0,0.0,0,0,1
2166.0,2025-06,1,1.0,0.0,0.0,0.0,0,0,0
2167.0,2025-10,1,0.0,0.0,0.0,0.0,0,0,1
2167.0,2025-12,1,1.0,0.0,0.0,0.0,0,0,0
2169.0,2025-02,1,0.0,0.0,0.0,0.0,0,0,1
2169.0,2025-06,2,1.0,0.0,0.0,0.0,0,0,0
2170.0,2025-08,1,0.0,0.0,0.0,0.0,0,0,1
2170.0,2025-09,1,1.0,0.0,0.0,0.0,0,0,0
2171.0,2025-03,1,0.0,0.0,0.0,0.0,0,0,0
2172.0,2025-04,2,0.0,0.0,0.0,0.0,0,0,1
2172.0,2025-07,2,2.0,0.0,0.0,0.0,0,0,1
2172.0,2025-11,1,2.0,5.0,0.0,0.0,1,0,0
2173.0,2025-03,1,0.0,0.0,0.0,0.0,0,0,1
2173.0,2025-05,1,1.0,0.0,0.0,0.0,0,0,1
2173.0,2025-08,1,1.0,3.0,0.0,0.0,1,0,0
2175.0,2025-11,1,0.0,0.0,0.0,0.0,0,0,0
2176.0,2025-04,1,0.0,0.0,0.0,0.0,0,0,1
2176.0,2025-06,1,1.0,0.0,0.0,0.0,0,0,1
2176.0,2025-07,1,1.0,3.0,0.0,0.0,1,0,0
2177.0,2025-04,2,0.0,0.0,0.0,0.0,0,0,0
2218.0,2025-03,1,0.0,0.0,0.0,0.0,0,0,0
2220.0,2025-05,1,0.0,0.0,0.0,0.0,0,0,0
2223.0,2025-03,1,0.0,0.0,0.0,0.0,0,0,1
2223.0,2025-06,1,1.0,0.0,0.0,0.0,0,0,0
2226.0,2025-03,2,0.0,0.0,0.0,0.0,0,0,0
2227.0,2025-02,1,0.0,0.0,0.0,0.0,0,0,1
2227.0,2025-07,1,1.0,0.0,0.0,0.0,0,0,1
2227.0,2025-08,1,1.0,3.0,0.0,0.0,1,0,0
2229.0,2025-02,1,0.0,0.0,0.0,0.0,0,0,1
2229.0,2025-03,1,1.0,0.0,0.0,0.0,0,0,1
2229.0,2025-09,1,1.0,3.0,0.0,0.0,1,0,0
2230.0,2025-12,1,0.0,0.0,0.0,0.0,0,0,0
2231.0,2025-03,2,0.0,0.0,0.0,0.0,0,0,1
2231.0,2025-08,1,2.0,0.0,0.0,0.0,0,0,0
2235.0,2025-03,2,0.0,0.0,0.0,0.0,0,0,0
2237.0,2025-07,1,0.0,0.0,0.0,0.0,0,0,0
2238.0,2025-02,1,0.0,0.0,0.0,0.0,0,0,1
2238.0,2025-04,2,1.0,0.0,0.0,0.0,0,0,1
2238.0,2025-06,1,2.0,4.0,0.0,0.0,1,0,0
2241.0,2025-04,1,0.0,0.0,0.0,0.0,0,0,0
2242.0,2025-02,2,0.0,0.0,0.0,0.0,0,0,0
2246.0,2025-07,1,0.0,0.0,0.0,0.0,0,0,0
2251.0,2025-04,4,0.0,0.0,0.0,0.0,0,0,1
2251.0,2025-06,1,4.0,0.0,0.0,0.0,0,0,0
2253.0,2025-02,1,0.0,0.0,0.0,0.0,0,0,1
2253.0,2026-01,1,1.0,0.0,0.0,0.0,0,0,0
2254.0,2025-03,1,0.0,0.0,0.0,0.0,0,0,1
2254.0,2026-01,1,1.0,0.0,0.0,0.0,0,0,0
2255.0,2025-05,1,0.0,0.0,0.0,0.0,0,0,0
2257.0,2025-04,1,0.0,0.0,0.0,0.0,0,0,1
2257.0,2025-05,1,1.0,0.0,0.0,0.0,0,0,0
2258.0,2025-06,1,0.0,0.0,0.0,0.0,0,0,1
2258.0,2025-07,1,1.0,0.0,0.0,0.0,0,0,1
2258.0,2025-08,4,1.0,6.0,0.0,0.0,1,0,1
2258.0,2026-01,2,4.0,7.0,0.0,0.0,1,0,0
2259.0,2026-01,1,0.0,0.0,0.0,0.0,0,0,0
2260.0,2025-07,3,0.0,0.0,0.0,0.0,0,0,0
2261.0,2025-02,1,0.0,0.0,0.0,0.0,0,0,1
2261.0,2025-11,1,1.0,0.0,0.0,0.0,0,0,1
2261.0,2025-12,4,1.0,6.0,0.0,0.0,1,0,0
2262.0,2025-11,1,0.0,0.0,0.0,0.0,0,0,0
2307.0,2025-03,1,0.0,0.0,0.0,0.0,0,0,0
2308.0,2025-11,1,0.0,0.0,0.0,0.0,0,0,0
2311.0,2025-03,1,0.0,0.0,0.0,0.0,0,0,1
2311.0,2025-11,1,1.0,0.0,0.0,0.0,0,0,0
2315.0,2025-04,1,0.0,0.0,0.0,0.0,0,0,0
2316.0,2025-06,1,0.0,0.0,0.0,0.0,0,0,0
2318.0,2025-03,2,0.0,0.0,0.0,0.0,0,0,1
2318.0,2025-12,1,2.0,0.0,0.0,0.0,0,0,0
2319.0,2025-03,1,0.0,0.0,0.0,0.0,0,0,1
2319.0,2025-12,1,1.0,0.0,0.0,0.0,0,0,0
2323.0,2025-02,3,0.0,0.0,0.0,0.0,0,0,1
2323.0,2025-03,2,3.0,0.0,0.0,0.0,0,0,1
2323.0,2025-05,2,2.0,7.0,0.0,0.0,1,0,1
2323.0,2025-07,2,2.0,6.0,0.0,0.0,1,0,0
2324.0,2025-05,1,0.0,0.0,0.0,0.0,0,0,0
2327.0,2026-01,1,0.0,0.0,0.0,0.0,0,0,0
2328.0,2025-02,1,0.0,0.0,0.0,0.0,0,0,0
2330.0,2025-02,1,0.0,0.0,0.0,0.0,0,0,1
2330.0,2025-03,1,1.0,0.0,0.0,0.0,0,0,1
2330.0,2025-05,1,1.0,3.0,0.0,0.0,1,0,0
2333.0,2025-10,1,0.0,0.0,0.0,0.0,0,0,0
2334.0,2025-03,1,0.0,0.0,0.0,0.0,0,0,1
2334.0,2025-04,3,1.0,0.0,0.0,0.0,0,0,1
2334.0,2025-05,1,3.0,5.0,0.0,0.0,1,0,1
2334.0,2025-06,1,1.0,5.0,0.0,0.0,1,0,1
2334.0,2025-08,1,1.0,3.0,0.0,0.0,1,0,1
2334.0,2025-10,1,1.0,3.0,8.0,0.0,1,1,0
2337.0,2025-06,1,0.0,0.0,0.0,0.0,0,0,1
2337.0,2025-11,1,1.0,0.0,0.0,0.0,0,0,0
2338.0,2025-02,2,0.0,0.0,0.0,0.0,0,0,1
2338.0,2025-04,1,2.0,0.0,0.0,0.0,0,0,1
2338.0,2025-07,1,1.0,4.0,0.0,0.0,1,0,1
2338.0,2025-10,1,1.0,3.0,0.0,0.0,1,0,0
2339.0,2025-03,2,0.0,0.0,0.0,0.0,0,0,1
2339.0,2025-04,1,2.0,0.0,0.0,0.0,0,0,1
2339.0,2025-11,1,1.0,4.0,0.0,0.0,1,0,0
2340.0,2025-06,1,0.0,0.0,0.0,0.0,0,0,0
2341.0,2025-04,1,0.0,0.0,0.0,0.0,0,0,1
2341.0,2025-05,1,1.0,0.0,0.0,0.0,0,0,1
2341.0,2025-06,1,1.0,3.0,0.0,0.0,1,0,0
2342.0,2025-02,1,0.0,0.0,0.0,0.0,0,0,1
2342.0,2025-03,1,1.0,0.0,0.0,0.0,0,0,1
2342.0,2025-08,1,1.0,3.0,0.0,0.0,1,0,1
2342.0,2025-09,1,1.0,3.0,0.0,0.0,1,0,0
2343.0,2025-03,2,0.0,0.0,0.0,0.0,0,0,1
2343.0,2025-11,1,2.0,0.0,0.0,0.0,0,0,0
2344.0,2025-05,1,0.0,0.0,0.0,0.0,0,0,1
2344.0,2025-11,1,1.0,0.0,0.0,0.0,0,0,0
2345.0,2025-03,1,0.0,0.0,0.0,0.0,0,0,1
2345.0,2025-04,1,1.0,0.0,0.0,0.0,0,0,1
2345.0,2025-09,1,1.0,3.0,0.0,0.0,1,0,1
2345.0,2025-11,2,1.0,4.0,0.0,0.0,1,0,0
2346.0,2025-06,1,0.0,0.0,0.0,0.0,0,0,0
2347.0,2025-03,1,0.0,0.0,0.0,0.0,0,0,1
2347.0,2025-05,2,1.0,0.0,0.0,0.0,0,0,0
2350.0,2025-04,1,0.0,0.0,0.0,0.0,0,0,1
2350.0,2025-06,1,1.0,0.0,0.0,0.0,0,0,0
2400.0,2025-06,1,0.0,0.0,0.0,0.0,0,0,0
2404.0,2026-01,1,0.0,0.0,0.0,0.0,0,0,0
2406.0,2025-03,1,0.0,0.0,0.0,0.0,0,0,0
2411.0,2025-02,3,0.0,0.0,0.0,0.0,0,0,1
2411.0,2025-03,1,3.0,0.0,0.0,0.0,0,0,1
2411.0,2025-04,2,1.0,6.0,0.0,0.0,1,0,1
2411.0,2025-07,5,2.0,8.0,0.0,0.0,1,0,1
2411.0,2025-09,1,5.0,8.0,0.0,0.0,1,0,0
2415.0,2025-03,1,0.0,0.0,0.0,0.0,0,0,0
2418.0,2025-04,2,0.0,0.0,0.0,0.0,0,0,1
2418.0,2025-10,1,2.0,0.0,0.0,0.0,0,0,0
2421.0,2025-02,1,0.0,0.0,0.0,0.0,0,0,0
2426.0,2025-12,1,0.0,0.0,0.0,0.0,0,0,0
2427.0,2025-02,3,0.0,0.0,0.0,0.0,0,0,1
2427.0,2025-09,1,3.0,0.0,0.0,0.0,0,0,0
2428.0,2025-04,1,0.0,0.0,0.0,0.0,0,0,0
2431.0,2025-10,1,0.0,0.0,0.0,0.0,0,0,0
2432.0,2025-05,2,0.0,0.0,0.0,0.0,0,0,1
2432.0,2025-08,1,2.0,0.0,0.0,0.0,0,0,1
2432.0,2025-11,1,1.0,4.0,0.0,0.0,1,0,0
2433.0,2025-02,1,0.0,0.0,0.0,0.0,0,0,0
2435.0,2025-11,1,0.0,0.0,0.0,0.0,0,0,0
2437.0,2025-06,3,0.0,0.0,0.0,0.0,0,0,1
2437.0,2025-09,1,3.0,0.0,0.0,0.0,0,0,0
2439.0,2025-07,1,0.0,0.0,0.0,0.0,0,0,0
2441.0,2025-06,1,0.0,0.0,0.0,0.0,0,0,0
2487.0,2025-04,2,0.0,0.0,0.0,0.0,0,0,1
2487.0,2025-09,1,2.0,0.0,0.0,0.0,0,0,0
2489.0,2025-04,1,0.0,0.0,0.0,0.0,0,0,0
2491.0,2025-10,1,0.0,0.0,0.0,0.0,0,0,0
2492.0,2025-03,1,0.0,0.0,0.0,0.0,0,0,0
2499.0,2025-02,4,0.0,0.0,0.0,0.0,0,0,1
2499.0,2025-04,3,4.0,0.0,0.0,0.0,0,0,1
2499.0,2025-05,2,3.0,9.0,0.0,0.0,1,0,1
2499.0,2025-07,1,2.0,6.0,0.0,0.0,1,0,1
2499.0,2025-08,2,1.0,5.0,0.0,0.0,1,0,1
2499.0,2025-12,1,2.0,4.0,13.0,0.0,1,1,1
2499.0,2026-01,1,1.0,4.0,10.0,0.0,1,1,1
2499.0,2026-02,1,1.0,3.0,8.0,0.0,1,1,0
2501.0,2025-03,1,0.0,0.0,0.0,0.0,0,0,0
2504.0,2025-05,1,0.0,0.0,0.0,0.0,0,0,0
2505.0,2025-06,1,0.0,0.0,0.0,0.0,0,0,0
2507.0,2025-04,1,0.0,0.0,0.0,0.0,0,0,0
2509.0,2025-08,1,0.0,0.0,0.0,0.0,0,0,1
2509.0,2025-09,1,1.0,0.0,0.0,0.0,0,0,0
2511.0,2025-08,1,0.0,0.0,0.0,0.0,0,0,1
2511.0,2025-11,1,1.0,0.0,0.0,0.0,0,0,0
2512.0,2025-02,1,0.0,0.0,0.0,0.0,0,0,1
2512.0,2025-03,2,1.0,0.0,0.0,0.0,0,0,1
2512.0,2025-04,1,2.0,4.0,0.0,0.0,1,0,1
2512.0,2025-06,1,1.0,4.0,0.0,0.0,1,0,1
2512.0,2025-10,1,1.0,3.0,0.0,0.0,1,0,1
2512.0,2025-12,1,1.0,3.0,7.0,0.0,1,1,0
2515.0,2025-04,1,0.0,0.0,0.0,0.0,0,0,0
2516.0,2025-10,1,0.0,0.0,0.0,0.0,0,0,0
2517.0,2025-04,1,0.0,0.0,0.0,0.0,0,0,1
2517.0,2025-09,1,1.0,0.0,0.0,0.0,0,0,0
2518.0,2025-04,1,0.0,0.0,0.0,0.0,0,0,1
2518.0,2025-05,1,1.0,0.0,0.0,0.0,0,0,1
2518.0,2025-06,1,1.0,3.0,0.0,0.0,1,0,1
2518.0,2025-12,1,1.0,3.0,0.0,0.0,1,0,0
2519.0,2025-06,1,0.0,0.0,0.0,0.0,0,0,0
2520.0,2025-03,1,0.0,0.0,0.0,0.0,0,0,1
2520.0,2025-04,1,1.0,0.0,0.0,0.0,0,0,1
2520.0,2025-05,1,1.0,3.0,0.0,0.0,1,0,0
2521.0,2025-04,1,0.0,0.0,0.0,0.0,0,0,1
2521.0,2025-07,2,1.0,0.0,0.0,0.0,0,0,1
2521.0,2025-09,1,2.0,4.0,0.0,0.0,1,0,0
2523.0,2025-03,1,0.0,0.0,0.0,0.0,0,0,1
2523.0,2025-05,1,1.0,0.0,0.0,0.0,0,0,0
2526.0,2025-04,1,0.0,0.0,0.0,0.0,0,0,0
2529.0,2025-04,1,0.0,0.0,0.0,0.0,0,0,0
2575.0,2025-02,2,0.0,0.0,0.0,0.0,0,0,1
2575.0,2025-04,4,2.0,0.0,0.0,0.0,0,0,1
2575.0,2025-12,1,4.0,7.0,0.0,0.0,1,0,0
2586.0,2025-10,1,0.0,0.0,0.0,0.0,0,0,0
2587.0,2025-02,1,0.0,0.0,0.0,0.0,0,0,1
2587.0,2025-03,4,1.0,0.0,0.0,0.0,0,0,1
2587.0,2025-04,4,4.0,9.0,0.0,0.0,1,0,1
2587.0,2025-06,2,4.0,10.0,0.0,0.0,1,0,1
2587.0,2025-07,1,2.0,7.0,0.0,0.0,1,0,0
2592.0,2025-11,1,0.0,0.0,0.0,0.0,0,0,0
2593.0,2025-02,1,0.0,0.0,0.0,0.0,0,0,1
2593.0,2025-03,1,1.0,0.0,0.0,0.0,0,0,1
2593.0,2025-04,4,1.0,6.0,0.0,0.0,1,0,0
2598.0,2025-02,1,0.0,0.0,0.0,0.0,0,0,1
2598.0,2025-03,1,1.0,0.0,0.0,0.0,0,0,1
2598.0,2025-06,2,1.0,4.0,0.0,0.0,1,0,1
2598.0,2025-08,2,2.0,5.0,0.0,0.0,1,0,1
2598.0,2025-09,1,2.0,5.0,0.0,0.0,1,0,1
2598.0,2025-11,2,1.0,5.0,9.0,0.0,1,1,0
2599.0,2025-08,1,0.0,0.0,0.0,0.0,0,0,0
2600.0,2025-03,1,0.0,0.0,0.0,0.0,0,0,0
2603.0,2025-06,2,0.0,0.0,0.0,0.0,0,0,0
2605.0,2025-05,1,0.0,0.0,0.0,0.0,0,0,1
2605.0,2025-06,1,1.0,0.0,0.0,0.0,0,0,0
2606.0,2025-05,1,0.0,0.0,0.0,0.0,0,0,1
2606.0,2025-09,1,1.0,0.0,0.0,0.0,0,0,1
2606.0,2026-01,1,1.0,3.0,0.0,0.0,1,0,0
2607.0,2025-05,2,0.0,0.0,0.0,0.0,0,0,1
2607.0,2025-07,2,2.0,0.0,0.0,0.0,0,0,1
2607.0,2025-11,1,2.0,5.0,0.0,0.0,1,0,1
2607.0,2025-12,1,1.0,4.0,0.0,0.0,1,0,0
2608.0,2025-05,1,0.0,0.0,0.0,0.0,0,0,1
2608.0,2025-06,3,1.0,0.0,0.0,0.0,0,0,1
2608.0,2025-07,1,3.0,5.0,0.0,0.0,1,0,1
2608.0,2025-12,1,1.0,5.0,0.0,0.0,1,0,0
2609.0,2025-04,1,0.0,0.0,0.0,0.0,0,0,1
2609.0,2025-06,1,1.0,0.0,0.0,0.0,0,0,1
2609.0,2025-08,1,1.0,3.0,0.0,0.0,1,0,1
2609.0,2025-11,2,1.0,4.0,0.0,0.0,1,0,0
2610.0,2025-02,2,0.0,0.0,0.0,0.0,0,0,1
2610.0,2025-03,1,2.0,0.0,0.0,0.0,0,0,1
2610.0,2025-04,2,1.0,5.0,0.0,0.0,1,0,1
2610.0,2025-05,2,2.0,5.0,0.0,0.0,1,0,1
2610.0,2025-08,1,2.0,5.0,0.0,0.0,1,0,1
2610.0,2025-10,1,1.0,4.0,9.0,0.0,1,1,1
2610.0,2025-11,1,1.0,3.0,8.0,0.0,1,1,1
2610.0,2025-12,1,1.0,3.0,8.0,0.0,1,1,0
2611.0,2025-03,1,0.0,0.0,0.0,0.0,0,0,1
2611.0,2025-04,1,1.0,0.0,0.0,0.0,0,0,1
2611.0,2025-05,3,1.0,5.0,0.0,0.0,1,0,1
2611.0,2025-09,2,3.0,6.0,0.0,0.0,1,0,0
2612.0,2025-04,1,0.0,0.0,0.0,0.0,0,0,1
2612.0,2025-05,1,1.0,0.0,0.0,0.0,0,0,1
2612.0,2025-06,1,1.0,3.0,0.0,0.0,1,0,1
2612.0,2025-07,1,1.0,3.0,0.0,0.0,1,0,0
2613.0,2025-03,1,0.0,0.0,0.0,0.0,0,0,1
2613.0,2025-06,1,1.0,0.0,0.0,0.0,0,0,0
2662.0,2025-05,1,0.0,0.0,0.0,0.0,0,0,0
2663.0,2025-03,1,0.0,0.0,0.0,0.0,0,0,1
2663.0,2025-04,3,1.0,0.0,0.0,0.0,0,0,1
2663.0,2025-06,1,3.0,5.0,0.0,0.0,1,0,1
2663.0,2025-11,1,1.0,5.0,0.0,0.0,1,0,0
2670.0,2025-06,1,0.0,0.0,0.0,0.0,0,0,0
2673.0,2025-03,1,0.0,0.0,0.0,0.0,0,0,0
2675.0,2025-03,1,0.0,0.0,0.0,0.0,0,0,1
2675.0,2025-04,1,1.0,0.0,0.0,0.0,0,0,1
2675.0,2025-06,4,1.0,6.0,0.0,0.0,1,0,1
2675.0,2025-08,1,4.0,6.0,0.0,0.0,1,0,0
2676.0,2025-03,2,0.0,0.0,0.0,0.0,0,0,1
2676.0,2026-01,1,2.0,0.0,0.0,0.0,0,0,0
2677.0,2025-05,1,0.0,0.0,0.0,0.0,0,0,0
2678.0,2025-03,1,0.0,0.0,0.0,0.0,0,0,0
2679.0,2025-03,1,0.0,0.0,0.0,0.0,0,0,1
2679.0,2025-04,1,1.0,0.0,0.0,0.0,0,0,1
2679.0,2025-06,1,1.0,3.0,0.0,0.0,1,0,0
2682.0,2025-02,1,0.0,0.0,0.0,0.0,0,0,1
2682.0,2025-04,1,1.0,0.0,0.0,0.0,0,0,1
2682.0,2025-07,2,1.0,4.0,0.0,0.0,1,0,1
2682.0,2025-08,1,2.0,4.0,0.0,0.0,1,0,1
2682.0,2025-09,1,1.0,4.0,0.0,0.0,1,0,0
2683.0,2025-04,4,0.0,0.0,0.0,0.0,0,0,0
2685.0,2025-02,1,0.0,0.0,0.0,0.0,0,0,1
2685.0,2025-11,1,1.0,0.0,0.0,0.0,0,0,0
2686.0,2025-02,1,0.0,0.0,0.0,0.0,0,0,1
2686.0,2025-03,1,1.0,0.0,0.0,0.0,0,0,1
2686.0,2025-04,3,1.0,5.0,0.0,0.0,1,0,1
2686.0,2025-06,1,3.0,5.0,0.0,0.0,1,0,0
2689.0,2025-03,1,0.0,0.0,0.0,0.0,0,0,1
2689.0,2025-04,2,1.0,0.0,0.0,0.0,0,0,1
2689.0,2025-06,2,2.0,5.0,0.0,0.0,1,0,1
2689.0,2025-07,2,2.0,6.0,0.0,0.0,1,0,1
2689.0,2025-08,1,2.0,5.0,0.0,0.0,1,0,1
2689.0,2025-10,1,1.0,4.0,9.0,0.0,1,1,0
2690.0,2025-03,2,0.0,0.0,0.0,0.0,0,0,1
2690.0,2025-04,2,2.0,0.0,0.0,0.0,0,0,1
2690.0,2025-05,1,2.0,5.0,0.0,0.0,1,0,1
2690.0,2025-07,2,1.0,5.0,0.0,0.0,1,0,1
2690.0,2025-12,3,2.0,6.0,0.0,0.0,1,0,0
2691.0,2025-05,1,0.0,0.0,0.0,0.0,0,0,1
2691.0,2025-06,1,1.0,0.0,0.0,0.0,0,0,0
2694.0,2025-06,1,0.0,0.0,0.0,0.0,0,0,0
2696.0,2025-03,1,0.0,0.0,0.0,0.0,0,0,1
2696.0,2025-06,1,1.0,0.0,0.0,0.0,0,0,1
2696.0,2025-07,1,1.0,3.0,0.0,0.0,1,0,1
2696.0,2026-01,1,1.0,3.0,0.0,0.0,1,0,0
2697.0,2025-04,1,0.0,0.0,0.0,0.0,0,0,0
2699.0,2025-10,1,0.0,0.0,0.0,0.0,0,0,0
2700.0,2025-09,1,0.0,0.0,0.0,0.0,0,0,0
2702.0,2026-01,2,0.0,0.0,0.0,0.0,0,0,0
2703.0,2026-01,1,0.0,0.0,0.0,0.0,0,0,0
2705.0,2025-03,1,0.0,0.0,0.0,0.0,0,0,1
2705.0,2025-11,1,1.0,0.0,0.0,0.0,0,0,0
2749.0,2025-04,1,0.0,0.0,0.0,0.0,0,0,1
2749.0,2025-06,1,1.0,0.0,0.0,0.0,0,0,0
2751.0,2025-03,3,0.0,0.0,0.0,0.0,0,0,1
2751.0,2025-04,1,3.0,0.0,0.0,0.0,0,0,0
2757.0,2025-05,1,0.0,0.0,0.0,0.0,0,0,1
2757.0,2025-10,1,1.0,0.0,0.0,0.0,0,0,0
2758.0,2025-03,1,0.0,0.0,0.0,0.0,0,0,0
2762.0,2025-06,1,0.0,0.0,0.0,0.0,0,0,0
2763.0,2025-03,1,0.0,0.0,0.0,0.0,0,0,0
2764.0,2025-03,1,0.0,0.0,0.0,0.0,0,0,1
2764.0,2025-04,2,1.0,0.0,0.0,0.0,0,0,1
2764.0,2025-07,2,2.0,5.0,0.0,0.0,1,0,0
2765.0,2025-04,3,0.0,0.0,0.0,0.0,0,0,0
2766.0,2025-02,3,0.0,0.0,0.0,0.0,0,0,1
2766.0,2025-04,1,3.0,0.0,0.0,0.0,0,0,1
2766.0,2025-08,1,1.0,5.0,0.0,0.0,1,0,0
2767.0,2025-02,2,0.0,0.0,0.0,0.0,0,0,1
2767.0,2025-03,1,2.0,0.0,0.0,0.0,0,0,1
2767.0,2025-04,1,1.0,4.0,0.0,0.0,1,0,1
2767.0,2025-05,1,1.0,3.0,0.0,0.0,1,0,0
2768.0,2025-06,1,0.0,0.0,0.0,0.0,0,0,1
2768.0,2026-01,1,1.0,0.0,0.0,0.0,0,0,0
2769.0,2025-04,5,0.0,0.0,0.0,0.0,0,0,1
2769.0,2025-06,1,5.0,0.0,0.0,0.0,0,0,1
2769.0,2025-07,4,1.0,10.0,0.0,0.0,1,0,0
2770.0,2025-03,5,0.0,0.0,0.0,0.0,0,0,1
2770.0,2025-04,1,5.0,0.0,0.0,0.0,0,0,1
2770.0,2025-06,2,1.0,8.0,0.0,0.0,1,0,1
2770.0,2025-07,3,2.0,6.0,0.0,0.0,1,0,1
2770.0,2025-08,1,3.0,6.0,0.0,0.0,1,0,1
2770.0,2025-09,1,1.0,5.0,13.0,0.0,1,1,1
2770.0,2025-10,1,1.0,3.0,9.0,0.0,1,1,0
2771.0,2025-02,1,0.0,0.0,0.0,0.0,0,0,1
2771.0,2025-06,2,1.0,0.0,0.0,0.0,0,0,1
2771.0,2025-07,5,2.0,8.0,0.0,0.0,1,0,1
2771.0,2025-08,2,5.0,9.0,0.0,0.0,1,0,1
2771.0,2025-11,1,2.0,8.0,0.0,0.0,1,0,0
2772.0,2025-02,1,0.0,0.0,0.0,0.0,0,0,1
2772.0,2025-05,1,1.0,0.0,0.0,0.0,0,0,1
2772.0,2025-07,1,1.0,3.0,0.0,0.0,1,0,0
2773.0,2025-04,2,0.0,0.0,0.0,0.0,0,0,1
2773.0,2025-05,1,2.0,0.0,0.0,0.0,0,0,1
2773.0,2025-07,2,1.0,5.0,0.0,0.0,1,0,1
2773.0,2025-09,1,2.0,4.0,0.0,0.0,1,0,0
2774.0,2025-04,1,0.0,0.0,0.0,0.0,0,0,1
2774.0,2025-05,1,1.0,0.0,0.0,0.0,0,0,1
2774.0,2025-06,2,1.0,4.0,0.0,0.0,1,0,1
2774.0,2025-08,3,2.0,6.0,0.0,0.0,1,0,1
2774.0,2025-12,1,3.0,6.0,0.0,0.0,1,0,0
2775.0,2025-02,2,0.0,0.0,0.0,0.0,0,0,1
2775.0,2025-11,1,2.0,0.0,0.0,0.0,0,0,0
2776.0,2025-03,1,0.0,0.0,0.0,0.0,0,0,1
2776.0,2025-05,1,1.0,0.0,0.0,0.0,0,0,1
2776.0,2025-09,1,1.0,3.0,0.0,0.0,1,0,0
2777.0,2025-03,2,0.0,0.0,0.0,0.0,0,0,1
2777.0,2025-04,1,2.0,0.0,0.0,0.0,0,0,1
2777.0,2025-06,1,1.0,4.0,0.0,0.0,1,0,1
2777.0,2025-09,1,1.0,3.0,0.0,0.0,1,0,1
2777.0,2025-12,1,1.0,3.0,0.0,0.0,1,0,1
2777.0,2026-01,1,1.0,3.0,7.0,0.0,1,1,0
2778.0,2025-03,1,0.0,0.0,0.0,0.0,0,0,1
2778.0,2025-04,1,1.0,0.0,0.0,0.0,0,0,1
2778.0,2025-05,1,1.0,3.0,0.0,0.0,1,0,1
2778.0,2025-06,3,1.0,5.0,0.0,0.0,1,0,1
2778.0,2025-07,1,3.0,5.0,0.0,0.0,1,0,1
2778.0,2025-08,1,1.0,5.0,8.0,0.0,1,1,1
2778.0,2025-09,2,1.0,4.0,9.0,0.0,1,1,1
2778.0,2025-10,2,2.0,5.0,10.0,0.0,1,1,0
2779.0,2025-04,1,0.0,0.0,0.0,0.0,0,0,1
2779.0,2025-06,1,1.0,0.0,0.0,0.0,0,0,1
2779.0,2025-07,1,1.0,3.0,0.0,0.0,1,0,0
2780.0,2025-04,1,0.0,0.0,0.0,0.0,0,0,0
2781.0,2025-04,1,0.0,0.0,0.0,0.0,0,0,1
2781.0,2025-09,1,1.0,0.0,0.0,0.0,0,0,0
2784.0,2025-07,1,0.0,0.0,0.0,0.0,0,0,0
2785.0,2025-03,2,0.0,0.0,0.0,0.0,0,0,1
2785.0,2025-09,1,2.0,0.0,0.0,0.0,0,0,1
2785.0,2025-10,1,1.0,4.0,0.0,0.0,1,0,0
2786.0,2025-04,1,0.0,0.0,0.0,0.0,0,0,0
2787.0,2025-03,1,0.0,0.0,0.0,0.0,0,0,1
2787.0,2025-04,1,1.0,0.0,0.0,0.0,0,0,0
2788.0,2025-05,1,0.0,0.0,0.0,0.0,0,0,0
2789.0,2025-04,1,0.0,0.0,0.0,0.0,0,0,0
2839.0,2025-06,1,0.0,0.0,0.0,0.0,0,0,1
2839.0,2025-12,1,1.0,0.0,0.0,0.0,0,0,0
2840.0,2025-02,1,0.0,0.0,0.0,0.0,0,0,1
2840.0,2025-03,1,1.0,0.0,0.0,0.0,0,0,1
2840.0,2025-05,1,1.0,3.0,0.0,0.0,1,0,0
2843.0,2025-10,1,0.0,0.0,0.0,0.0,0,0,0
2845.0,2025-03,2,0.0,0.0,0.0,0.0,0,0,0
2846.0,2025-04,1,0.0,0.0,0.0,0.0,0,0,0
2853.0,2025-02,1,0.0,0.0,0.0,0.0,0,0,1
2853.0,2025-04,1,1.0,0.0,0.0,0.0,0,0,1
2853.0,2025-06,2,1.0,4.0,0.0,0.0,1,0,1
2853.0,2025-12,2,2.0,5.0,0.0,0.0,1,0,0
2854.0,2025-11,1,0.0,0.0,0.0,0.0,0,0,0
2855.0,2025-11,1,0.0,0.0,0.0,0.0,0,0,0
2856.0,2025-02,1,0.0,0.0,0.0,0.0,0,0,1
2856.0,2025-09,1,1.0,0.0,0.0,0.0,0,0,0
2857.0,2025-03,1,0.0,0.0,0.0,0.0,0,0,1
2857.0,2025-04,1,1.0,0.0,0.0,0.0,0,0,1
2857.0,2025-06,1,1.0,3.0,0.0,0.0,1,0,1
2857.0,2025-10,1,1.0,3.0,0.0,0.0,1,0,1
2857.0,2025-12,1,1.0,3.0,0.0,0.0,1,0,0
2858.0,2025-02,2,0.0,0.0,0.0,0.0,0,0,1
2858.0,2025-03,6,2.0,0.0,0.0,0.0,0,0,1
2858.0,2025-04,1,6.0,9.0,0.0,0.0,1,0,1
2858.0,2025-05,4,1.0,11.0,0.0,0.0,1,0,1
2858.0,2025-06,1,4.0,6.0,0.0,0.0,1,0,1
2858.0,2025-07,2,1.0,7.0,16.0,0.0,1,1,1
2858.0,2025-09,3,2.0,6.0,17.0,0.0,1,1,1
2858.0,2025-10,1,3.0,6.0,12.0,0.0,1,1,1
2858.0,2025-11,1,1.0,5.0,12.0,0.0,1,1,0
2859.0,2025-02,1,0.0,0.0,0.0,0.0,0,0,1
2859.0,2025-04,2,1.0,0.0,0.0,0.0,0,0,0
2860.0,2025-08,1,0.0,0.0,0.0,0.0,0,0,1
2860.0,2025-09,1,1.0,0.0,0.0,0.0,0,0,0
2861.0,2025-04,1,0.0,0.0,0.0,0.0,0,0,1
2861.0,2025-05,1,1.0,0.0,0.0,0.0,0,0,1
2861.0,2026-01,1,1.0,3.0,0.0,0.0,1,0,0
2862.0,2025-10,1,0.0,0.0,0.0,0.0,0,0,0
2863.0,2025-03,1,0.0,0.0,0.0,0.0,0,0,1
2863.0,2025-06,1,1.0,0.0,0.0,0.0,0,0,0
2864.0,2025-04,1,0.0,0.0,0.0,0.0,0,0,1
2864.0,2025-10,1,1.0,0.0,0.0,0.0,0,0,0
2865.0,2025-03,2,0.0,0.0,0.0,0.0,0,0,1
2865.0,2025-05,1,2.0,0.0,0.0,0.0,0,0,1
2865.0,2025-07,2,1.0,5.0,0.0,0.0,1,0,0
2866.0,2025-07,2,0.0,0.0,0.0,0.0,0,0,0
2867.0,2025-03,1,0.0,0.0,0.0,0.0,0,0,1
2867.0,2025-04,1,1.0,0.0,0.0,0.0,0,0,1
2867.0,2025-05,3,1.0,5.0,0.0,0.0,1,0,1
2867.0,2025-06,2,3.0,6.0,0.0,0.0,1,0,1
2867.0,2025-07,1,2.0,6.0,0.0,0.0,1,0,1
2867.0,2025-12,1,1.0,4.0,9.0,0.0,1,1,0
2869.0,2025-03,1,0.0,0.0,0.0,0.0,0,0,0
2871.0,2025-10,1,0.0,0.0,0.0,0.0,0,0,1
2871.0,2026-01,1,1.0,0.0,0.0,0.0,0,0,0
2872.0,2025-02,2,0.0,0.0,0.0,0.0,0,0,1
2872.0,2025-04,1,2.0,0.0,0.0,0.0,0,0,1
2872.0,2025-05,4,1.0,7.0,0.0,0.0,1,0,0
2873.0,2025-03,3,0.0,0.0,0.0,0.0,0,0,1
2873.0,2025-04,1,3.0,0.0,0.0,0.0,0,0,1
2873.0,2025-05,1,1.0,5.0,0.0,0.0,1,0,1
2873.0,2025-12,1,1.0,3.0,0.0,0.0,1,0,1
2873.0,2026-01,2,1.0,4.0,0.0,0.0,1,0,0
2875.0,2025-04,2,0.0,0.0,0.0,0.0,0,0,1
2875.0,2025-05,1,2.0,0.0,0.0,0.0,0,0,1
2875.0,2025-10,1,1.0,4.0,0.0,0.0,1,0,0
2925.0,2025-07,2,0.0,0.0,0.0,0.0,0,0,0
2926.0,2025-05,1,0.0,0.0,0.0,0.0,0,0,1
2926.0,2025-07,2,1.0,0.0,0.0,0.0,0,0,1
2926.0,2026-01,1,2.0,4.0,0.0,0.0,1,0,0
2927.0,2025-03,1,0.0,0.0,0.0,0.0,0,0,1
2927.0,2025-04,1,1.0,0.0,0.0,0.0,0,0,0
2930.0,2025-05,1,0.0,0.0,0.0,0.0,0,0,0
2931.0,2025-03,1,0.0,0.0,0.0,0.0,0,0,0
2933.0,2025-05,2,0.0,0.0,0.0,0.0,0,0,0
2934.0,2025-02,2,0.0,0.0,0.0,0.0,0,0,1
2934.0,2025-03,2,2.0,0.0,0.0,0.0,0,0,1
2934.0,2025-04,3,2.0,7.0,0.0,0.0,1,0,1
2934.0,2025-05,1,3.0,6.0,0.0,0.0,1,0,1
2934.0,2025-06,1,1.0,5.0,0.0,0.0,1,0,0
2937.0,2025-03,1,0.0,0.0,0.0,0.0,0,0,0
2939.0,2025-03,1,0.0,0.0,0.0,0.0,0,0,1
2939.0,2025-04,2,1.0,0.0,0.0,0.0,0,0,1
2939.0,2025-05,2,2.0,5.0,0.0,0.0,1,0,0
2940.0,2025-06,1,0.0,0.0,0.0,0.0,0,0,1
2940.0,2025-09,1,1.0,0.0,0.0,0.0,0,0,1
2940.0,2025-10,1,1.0,3.0,0.0,0.0,1,0,0
2941.0,2025-03,1,0.0,0.0,0.0,0.0,0,0,1
2941.0,2025-08,1,1.0,0.0,0.0,0.0,0,0,1
2941.0,2026-01,1,1.0,3.0,0.0,0.0,1,0,0
2943.0,2025-12,1,0.0,0.0,0.0,0.0,0,0,1
2943.0,2026-01,1,1.0,0.0,0.0,0.0,0,0,0
2944.0,2025-06,1,0.0,0.0,0.0,0.0,0,0,1
2944.0,2025-07,1,1.0,0.0,0.0,0.0,0,0,1
2944.0,2025-09,1,1.0,3.0,0.0,0.0,1,0,0
2945.0,2025-02,1,0.0,0.0,0.0,0.0,0,0,1
2945.0,2025-04,1,1.0,0.0,0.0,0.0,0,0,1
2945.0,2025-05,1,1.0,3.0,0.0,0.0,1,0,0
2946.0,2025-03,4,0.0,0.0,0.0,0.0,0,0,1
2946.0,2025-04,2,4.0,0.0,0.0,0.0,0,0,1
2946.0,2025-08,1,2.0,7.0,0.0,0.0,1,0,1
2946.0,2025-11,5,1.0,8.0,0.0,0.0,1,0,1
2946.0,2025-12,1,5.0,7.0,0.0,0.0,1,0,0
2947.0,2025-05,1,0.0,0.0,0.0,0.0,0,0,0
2948.0,2025-06,2,0.0,0.0,0.0,0.0,0,0,1
2948.0,2025-07,1,2.0,0.0,0.0,0.0,0,0,1
2948.0,2026-01,1,1.0,4.0,0.0,0.0,1,0,0
2949.0,2025-07,1,0.0,0.0,0.0,0.0,0,0,1
2949.0,2025-08,1,1.0,0.0,0.0,0.0,0,0,0
2950.0,2025-02,1,0.0,0.0,0.0,0.0,0,0,1
2950.0,2025-04,1,1.0,0.0,0.0,0.0,0,0,1
2950.0,2025-05,6,1.0,8.0,0.0,0.0,1,0,1
2950.0,2025-06,4,6.0,11.0,0.0,0.0,1,0,1
2950.0,2025-07,1,4.0,11.0,0.0,0.0,1,0,1
2950.0,2025-08,6,1.0,11.0,19.0,0.0,1,1,1
2950.0,2025-09,1,6.0,8.0,19.0,0.0,1,1,1
2950.0,2025-10,2,1.0,9.0,20.0,0.0,1,1,1
2950.0,2026-01,1,2.0,4.0,15.0,0.0,1,1,0
2951.0,2025-04,1,0.0,0.0,0.0,0.0,0,0,1
2951.0,2025-07,1,1.0,0.0,0.0,0.0,0,0,1
2951.0,2025-11,1,1.0,3.0,0.0,0.0,1,0,0
2952.0,2025-02,1,0.0,0.0,0.0,0.0,0,0,1
2952.0,2025-05,1,1.0,0.0,0.0,0.0,0,0,1
2952.0,2025-06,1,1.0,3.0,0.0,0.0,1,0,1
2952.0,2025-07,1,1.0,3.0,0.0,0.0,1,0,1
2952.0,2025-08,1,1.0,3.0,0.0,0.0,1,0,1
2952.0,2025-09,1,1.0,3.0,6.0,0.0,1,1,0
2954.0,2025-05,1,0.0,0.0,0.0,0.0,0,0,1
2954.0,2025-06,2,1.0,0.0,0.0,0.0,0,0,0
2955.0,2025-03,1,0.0,0.0,0.0,0.0,0,0,1
2955.0,2025-05,3,1.0,0.0,0.0,0.0,0,0,1
2955.0,2025-06,1,3.0,5.0,0.0,0.0,1,0,0
2956.0,2025-02,1,0.0,0.0,0.0,0.0,0,0,1
2956.0,2025-03,1,1.0,0.0,0.0,0.0,0,0,1
2956.0,2025-11,1,1.0,3.0,0.0,0.0,1,0,0
2959.0,2025-10,1,0.0,0.0,0.0,0.0,0,0,0
2962.0,2025-05,1,0.0,0.0,0.0,0.0,0,0,1
2962.0,2025-09,1,1.0,0.0,0.0,0.0,0,0,0
2964.0,2025-05,2,0.0,0.0,0.0,0.0,0,0,0
2966.0,2025-02,1,0.0,0.0,0.0,0.0,0,0,1
2966.0,2025-04,1,1.0,0.0,0.0,0.0,0,0,1
2966.0,2025-06,1,1.0,3.0,0.0,0.0,1,0,0
2967.0,2025-06,1,0.0,0.0,0.0,0.0,0,0,0
3012.0,2025-03,1,0.0,0.0,0.0,0.0,0,0,1
3012.0,2025-07,1,1.0,0.0,0.0,0.0,0,0,1
3012.0,2025-09,1,1.0,3.0,0.0,0.0,1,0,1
3012.0,2025-11,2,1.0,4.0,0.0,0.0,1,0,0
3013.0,2025-04,2,0.0,0.0,0.0,0.0,0,0,1
3013.0,2025-07,2,2.0,0.0,0.0,0.0,0,0,0
3014.0,2025-08,1,0.0,0.0,0.0,0.0,0,0,1
3014.0,2025-09,1,1.0,0.0,0.0,0.0,0,0,1
3014.0,2026-01,2,1.0,4.0,0.0,0.0,1,0,0
3015.0,2025-02,1,0.0,0.0,0.0,0.0,0,0,1
3015.0,2025-03,1,1.0,0.0,0.0,0.0,0,0,1
3015.0,2025-07,1,1.0,3.0,0.0,0.0,1,0,1
3015.0,2025-09,2,1.0,4.0,0.0,0.0,1,0,1
3015.0,2025-12,1,2.0,4.0,0.0,0.0,1,0,0
3016.0,2025-12,1,0.0,0.0,0.0,0.0,0,0,0
3017.0,2025-03,1,0.0,0.0,0.0,0.0,0,0,1
3017.0,2025-04,1,1.0,0.0,0.0,0.0,0,0,1
3017.0,2025-06,1,1.0,3.0,0.0,0.0,1,0,0
3018.0,2025-04,1,0.0,0.0,0.0,0.0,0,0,1
3018.0,2025-06,1,1.0,0.0,0.0,0.0,0,0,0
3019.0,2025-07,2,0.0,0.0,0.0,0.0,0,0,1
3019.0,2025-12,1,2.0,0.0,0.0,0.0,0,0,1
3019.0,2026-01,1,1.0,4.0,0.0,0.0,1,0,0
3020.0,2025-10,3,0.0,0.0,0.0,0.0,0,0,0
3021.0,2025-09,1,0.0,0.0,0.0,0.0,0,0,1
3021.0,2025-10,1,1.0,0.0,0.0,0.0,0,0,0
3025.0,2025-03,1,0.0,0.0,0.0,0.0,0,0,0
3026.0,2025-05,1,0.0,0.0,0.0,0.0,0,0,1
3026.0,2025-09,1,1.0,0.0,0.0,0.0,0,0,0
3027.0,2025-06,1,0.0,0.0,0.0,0.0,0,0,1
3027.0,2025-07,1,1.0,0.0,0.0,0.0,0,0,1
3027.0,2025-09,1,1.0,3.0,0.0,0.0,1,0,1
3027.0,2025-10,1,1.0,3.0,0.0,0.0,1,0,0
3028.0,2025-03,2,0.0,0.0,0.0,0.0,0,0,0
3029.0,2025-04,1,0.0,0.0,0.0,0.0,0,0,1
3029.0,2025-06,1,1.0,0.0,0.0,0.0,0,0,1
3029.0,2025-07,2,1.0,4.0,0.0,0.0,1,0,1
3029.0,2025-11,1,2.0,4.0,0.0,0.0,1,0,0
3030.0,2025-03,1,0.0,0.0,0.0,0.0,0,0,1
3030.0,2025-06,2,1.0,0.0,0.0,0.0,0,0,0
3031.0,2025-07,3,0.0,0.0,0.0,0.0,0,0,1
3031.0,2025-08,1,3.0,0.0,0.0,0.0,0,0,1
3031.0,2025-10,1,1.0,5.0,0.0,0.0,1,0,1
3031.0,2025-12,1,1.0,3.0,0.0,0.0,1,0,0
3032.0,2025-05,2,0.0,0.0,0.0,0.0,0,0,1
3032.0,2025-07,2,2.0,0.0,0.0,0.0,0,0,0
3033.0,2025-05,2,0.0,0.0,0.0,0.0,0,0,1
3033.0,2025-07,1,2.0,0.0,0.0,0.0,0,0,1
3033.0,2025-08,1,1.0,4.0,0.0,0.0,1,0,1
3033.0,2025-11,1,1.0,3.0,0.0,0.0,1,0,1
3033.0,2026-01,2,1.0,4.0,0.0,0.0,1,0,0
3034.0,2025-02,1,0.0,0.0,0.0,0.0,0,0,1
3034.0,2025-03,3,1.0,0.0,0.0,0.0,0,0,1
3034.0,2025-04,3,3.0,7.0,0.0,0.0,1,0,1
3034.0,2025-10,2,3.0,8.0,0.0,0.0,1,0,1
3034.0,2025-12,1,2.0,6.0,0.0,0.0,1,0,0
3035.0,2025-03,6,0.0,0.0,0.0,0.0,0,0,1
3035.0,2025-04,1,6.0,0.0,0.0,0.0,0,0,1
3035.0,2025-05,2,1.0,9.0,0.0,0.0,1,0,1
3035.0,2025-06,2,2.0,5.0,0.0,0.0,1,0,1
3035.0,2025-09,4,2.0,8.0,0.0,0.0,1,0,1
3035.0,2026-01,1,4.0,7.0,16.0,0.0,1,1,0
3036.0,2025-03,3,0.0,0.0,0.0,0.0,0,0,1
3036.0,2025-04,2,3.0,0.0,0.0,0.0,0,0,1
3036.0,2025-05,2,2.0,7.0,0.0,0.0,1,0,1
3036.0,2025-06,1,2.0,5.0,0.0,0.0,1,0,1
3036.0,2025-07,1,1.0,4.0,0.0,0.0,1,0,1
3036.0,2025-08,1,1.0,3.0,10.0,0.0,1,1,1
3036.0,2025-09,1,1.0,3.0,8.0,0.0,1,1,0
3037.0,2025-04,2,0.0,0.0,0.0,0.0,0,0,1
3037.0,2025-05,1,2.0,0.0,0.0,0.0,0,0,1
3037.0,2025-07,1,1.0,4.0,0.0,0.0,1,0,1
3037.0,2025-10,1,1.0,3.0,0.0,0.0,1,0,0
3038.0,2025-02,2,0.0,0.0,0.0,0.0,0,0,1
3038.0,2025-03,1,2.0,0.0,0.0,0.0,0,0,1
3038.0,2025-05,1,1.0,4.0,0.0,0.0,1,0,1
3038.0,2025-08,1,1.0,3.0,0.0,0.0,1,0,1
3038.0,2025-09,4,1.0,6.0,0.0,0.0,1,0,1
3038.0,2025-11,1,4.0,6.0,10.0,0.0,1,1,1
3038.0,2025-12,1,1.0,6.0,9.0,0.0,1,1,0
3039.0,2025-04,1,0.0,0.0,0.0,0.0,0,0,1
3039.0,2025-06,1,1.0,0.0,0.0,0.0,0,0,1
3039.0,2025-09,1,1.0,3.0,0.0,0.0,1,0,0
3041.0,2025-03,1,0.0,0.0,0.0,0.0,0,0,1
3041.0,2025-07,2,1.0,0.0,0.0,0.0,0,0,1
3041.0,2026-02,1,2.0,4.0,0.0,0.0,1,0,0
3042.0,2025-02,1,0.0,0.0,0.0,0.0,0,0,1
3042.0,2025-03,1,1.0,0.0,0.0,0.0,0,0,1
3042.0,2025-05,1,1.0,3.0,0.0,0.0,1,0,1
3042.0,2025-07,1,1.0,3.0,0.0,0.0,1,0,1
3042.0,2025-08,1,1.0,3.0,0.0,0.0,1,0,0
3043.0,2025-04,1,0.0,0.0,0.0,0.0,0,0,1
3043.0,2026-01,1,1.0,0.0,0.0,0.0,0,0,0
3044.0,2025-02,1,0.0,0.0,0.0,0.0,0,0,1
3044.0,2025-04,1,1.0,0.0,0.0,0.0,0,0,1
3044.0,2025-05,1,1.0,3.0,0.0,0.0,1,0,0
3045.0,2025-02,1,0.0,0.0,0.0,0.0,0,0,1
3045.0,2025-08,1,1.0,0.0,0.0,0.0,0,0,0
3047.0,2025-03,2,0.0,0.0,0.0,0.0,0,0,0
3052.0,2025-05,1,0.0,0.0,0.0,0.0,0,0,1
3052.0,2025-10,1,1.0,0.0,0.0,0.0,0,0,0
3053.0,2025-07,1,0.0,0.0,0.0,0.0,0,0,1
3053.0,2025-08,1,1.0,0.0,0.0,0.0,0,0,0
3054.0,2025-05,1,0.0,0.0,0.0,0.0,0,0,1
3054.0,2025-06,2,1.0,0.0,0.0,0.0,0,0,1
3054.0,2025-11,1,2.0,4.0,0.0,0.0,1,0,0
3100.0,2025-03,1,0.0,0.0,0.0,0.0,0,0,0
3103.0,2025-02,1,0.0,0.0,0.0,0.0,0,0,1
3103.0,2025-03,2,1.0,0.0,0.0,0.0,0,0,1
3103.0,2025-05,2,2.0,5.0,0.0,0.0,1,0,1
3103.0,2025-06,1,2.0,5.0,0.0,0.0,1,0,1
3103.0,2025-11,1,1.0,4.0,0.0,0.0,1,0,0
3104.0,2025-03,1,0.0,0.0,0.0,0.0,0,0,1
3104.0,2025-04,2,1.0,0.0,0.0,0.0,0,0,1
3104.0,2025-06,1,2.0,4.0,0.0,0.0,1,0,1
3104.0,2025-07,2,1.0,5.0,0.0,0.0,1,0,1
3104.0,2025-11,1,2.0,4.0,0.0,0.0,1,0,0
3105.0,2025-02,2,0.0,0.0,0.0,0.0,0,0,1
3105.0,2025-06,1,2.0,0.0,0.0,0.0,0,0,1
3105.0,2025-10,1,1.0,4.0,0.0,0.0,1,0,0
3106.0,2025-02,1,0.0,0.0,0.0,0.0,0,0,1
3106.0,2025-06,1,1.0,0.0,0.0,0.0,0,0,0
3108.0,2025-05,1,0.0,0.0,0.0,0.0,0,0,1
3108.0,2025-11,1,1.0,0.0,0.0,0.0,0,0,0
3110.0,2025-10,2,0.0,0.0,0.0,0.0,0,0,0
3111.0,2025-03,1,0.0,0.0,0.0,0.0,0,0,1
3111.0,2025-10,1,1.0,0.0,0.0,0.0,0,0,1
3111.0,2025-11,1,1.0,3.0,0.0,0.0,1,0,1
3111.0,2025-12,1,1.0,3.0,0.0,0.0,1,0,0
3112.0,2025-02,1,0.0,0.0,0.0,0.0,0,0,1
3112.0,2025-09,1,1.0,0.0,0.0,0.0,0,0,1
3112.0,2025-12,1,1.0,3.0,0.0,0.0,1,0,0
3113.0,2025-03,2,0.0,0.0,0.0,0.0,0,0,1
3113.0,2025-06,1,2.0,0.0,0.0,0.0,0,0,1
3113.0,2025-07,1,1.0,4.0,0.0,0.0,1,0,1
3113.0,2026-01,1,1.0,3.0,0.0,0.0,1,0,0
3114.0,2025-04,2,0.0,0.0,0.0,0.0,0,0,1
3114.0,2025-05,2,2.0,0.0,0.0,0.0,0,0,1
3114.0,2025-07,1,2.0,5.0,0.0,0.0,1,0,1
3114.0,2025-10,1,1.0,4.0,0.0,0.0,1,0,0
3115.0,2025-03,1,0.0,0.0,0.0,0.0,0,0,1
3115.0,2025-09,2,1.0,0.0,0.0,0.0,0,0,0
3116.0,2025-04,1,0.0,0.0,0.0,0.0,0,0,1
3116.0,2025-06,1,1.0,0.0,0.0,0.0,0,0,1
3116.0,2025-08,1,1.0,3.0,0.0,0.0,1,0,1
3116.0,2025-10,1,1.0,3.0,0.0,0.0,1,0,0
3117.0,2025-06,5,0.0,0.0,0.0,0.0,0,0,1
3117.0,2025-10,1,5.0,0.0,0.0,0.0,0,0,1
3117.0,2026-01,1,1.0,7.0,0.0,0.0,1,0,0
3118.0,2025-04,1,0.0,0.0,0.0,0.0,0,0,1
3118.0,2025-06,3,1.0,0.0,0.0,0.0,0,0,1
3118.0,2025-08,3,3.0,7.0,0.0,0.0,1,0,0
3119.0,2025-03,2,0.0,0.0,0.0,0.0,0,0,1
3119.0,2025-05,1,2.0,0.0,0.0,0.0,0,0,1
3119.0,2025-11,3,1.0,6.0,0.0,0.0,1,0,0
3120.0,2025-02,7,0.0,0.0,0.0,0.0,0,0,1
3120.0,2025-06,1,7.0,0.0,0.0,0.0,0,0,1
3120.0,2025-07,2,1.0,10.0,0.0,0.0,1,0,1
3120.0,2025-08,2,2.0,5.0,0.0,0.0,1,0,1
3120.0,2025-11,1,2.0,5.0,0.0,0.0,1,0,0
3121.0,2025-03,3,0.0,0.0,0.0,0.0,0,0,1
3121.0,2025-04,2,3.0,0.0,0.0,0.0,0,0,1
3121.0,2025-05,1,2.0,6.0,0.0,0.0,1,0,1
3121.0,2025-07,3,1.0,6.0,0.0,0.0,1,0,1
3121.0,2025-08,2,3.0,6.0,0.0,0.0,1,0,1
3121.0,2025-11,2,2.0,7.0,13.0,0.0,1,1,1
3121.0,2026-01,1,2.0,5.0,11.0,0.0,1,1,0
3122.0,2025-02,1,0.0,0.0,0.0,0.0,0,0,1
3122.0,2025-03,7,1.0,0.0,0.0,0.0,0,0,1
3122.0,2025-04,2,7.0,10.0,0.0,0.0,1,0,1
3122.0,2025-05,1,2.0,10.0,0.0,0.0,1,0,1
3122.0,2025-06,1,1.0,4.0,0.0,0.0,1,0,1
3122.0,2025-10,1,1.0,3.0,13.0,0.0,1,1,0
3123.0,2025-02,1,0.0,0.0,0.0,0.0,0,0,1
3123.0,2025-06,3,1.0,0.0,0.0,0.0,0,0,0
3124.0,2025-02,1,0.0,0.0,0.0,0.0,0,0,1
3124.0,2025-04,1,1.0,0.0,0.0,0.0,0,0,1
3124.0,2025-05,1,1.0,3.0,0.0,0.0,1,0,1
3124.0,2025-10,1,1.0,3.0,0.0,0.0,1,0,0
3125.0,2025-02,1,0.0,0.0,0.0,0.0,0,0,1
3125.0,2025-04,1,1.0,0.0,0.0,0.0,0,0,1
3125.0,2025-05,2,1.0,4.0,0.0,0.0,1,0,1
3125.0,2025-06,2,2.0,5.0,0.0,0.0,1,0,1
3125.0,2025-07,1,2.0,5.0,0.0,0.0,1,0,1
3125.0,2025-08,1,1.0,4.0,8.0,0.0,1,1,1
3125.0,2025-12,1,1.0,3.0,8.0,0.0,1,1,1
3125.0,2026-01,1,1.0,3.0,8.0,0.0,1,1,0
3126.0,2025-02,3,0.0,0.0,0.0,0.0,0,0,1
3126.0,2025-03,3,3.0,0.0,0.0,0.0,0,0,1
3126.0,2025-04,1,3.0,7.0,0.0,0.0,1,0,1
3126.0,2025-05,1,1.0,5.0,0.0,0.0,1,0,1
3126.0,2025-07,1,1.0,3.0,0.0,0.0,1,0,1
3126.0,2025-10,2,1.0,4.0,11.0,0.0,1,1,0
3127.0,2025-02,2,0.0,0.0,0.0,0.0,0,0,1
3127.0,2025-03,1,2.0,0.0,0.0,0.0,0,0,1
3127.0,2025-04,3,1.0,6.0,0.0,0.0,1,0,1
3127.0,2025-05,3,3.0,7.0,0.0,0.0,1,0,1
3127.0,2025-06,2,3.0,8.0,0.0,0.0,1,0,1
3127.0,2025-07,1,2.0,6.0,12.0,0.0,1,1,1
3127.0,2025-11,1,1.0,4.0,11.0,0.0,1,1,1
3127.0,2026-01,2,1.0,4.0,12.0,0.0,1,1,0
3128.0,2025-03,1,0.0,0.0,0.0,0.0,0,0,1
3128.0,2025-04,2,1.0,0.0,0.0,0.0,0,0,1
3128.0,2025-06,1,2.0,4.0,0.0,0.0,1,0,1
3128.0,2025-10,2,1.0,5.0,0.0,0.0,1,0,0
3129.0,2025-04,3,0.0,0.0,0.0,0.0,0,0,1
3129.0,2025-07,1,3.0,0.0,0.0,0.0,0,0,1
3129.0,2025-12,1,1.0,5.0,0.0,0.0,1,0,0
3130.0,2025-06,2,0.0,0.0,0.0,0.0,0,0,1
3130.0,2025-08,1,2.0,0.0,0.0,0.0,0,0,0
3131.0,2025-03,1,0.0,0.0,0.0,0.0,0,0,1
3131.0,2025-04,3,1.0,0.0,0.0,0.0,0,0,1
3131.0,2025-05,4,3.0,8.0,0.0,0.0,1,0,1
3131.0,2025-07,2,4.0,9.0,0.0,0.0,1,0,1
3131.0,2025-09,4,2.0,10.0,0.0,0.0,1,0,0
3132.0,2025-05,1,0.0,0.0,0.0,0.0,0,0,1
3132.0,2025-06,1,1.0,0.0,0.0,0.0,0,0,0
3133.0,2025-04,1,0.0,0.0,0.0,0.0,0,0,1
3133.0,2025-09,1,1.0,0.0,0.0,0.0,0,0,1
3133.0,2025-10,1,1.0,3.0,0.0,0.0,1,0,0
3134.0,2025-04,1,0.0,0.0,0.0,0.0,0,0,1
3134.0,2025-05,3,1.0,0.0,0.0,0.0,0,0,1
3134.0,2025-09,2,3.0,6.0,0.0,0.0,1,0,1
3134.0,2025-12,1,2.0,6.0,0.0,0.0,1,0,0
3136.0,2025-12,1,0.0,0.0,0.0,0.0,0,0,0
3143.0,2025-02,1,0.0,0.0,0.0,0.0,0,0,1
3143.0,2025-07,1,1.0,0.0,0.0,0.0,0,0,0
3187.0,2025-05,1,0.0,0.0,0.0,0.0,0,0,1
3187.0,2025-07,1,1.0,0.0,0.0,0.0,0,0,1
3187.0,2026-01,1,1.0,3.0,0.0,0.0,1,0,0
3188.0,2025-02,1,0.0,0.0,0.0,0.0,0,0,1
3188.0,2025-03,1,1.0,0.0,0.0,0.0,0,0,1
3188.0,2025-12,1,1.0,3.0,0.0,0.0,1,0,0
3190.0,2025-03,1,0.0,0.0,0.0,0.0,0,0,1
3190.0,2025-04,1,1.0,0.0,0.0,0.0,0,0,1
3190.0,2025-05,1,1.0,3.0,0.0,0.0,1,0,1
3190.0,2025-07,1,1.0,3.0,0.0,0.0,1,0,0
3191.0,2025-04,1,0.0,0.0,0.0,0.0,0,0,1
3191.0,2025-05,1,1.0,0.0,0.0,0.0,0,0,1
3191.0,2025-08,1,1.0,3.0,0.0,0.0,1,0,1
3191.0,2025-10,1,1.0,3.0,0.0,0.0,1,0,0
3192.0,2025-03,1,0.0,0.0,0.0,0.0,0,0,1
3192.0,2025-05,1,1.0,0.0,0.0,0.0,0,0,1
3192.0,2025-08,1,1.0,3.0,0.0,0.0,1,0,0
3193.0,2025-03,1,0.0,0.0,0.0,0.0,0,0,1
3193.0,2025-04,1,1.0,0.0,0.0,0.0,0,0,1
3193.0,2025-05,1,1.0,3.0,0.0,0.0,1,0,1
3193.0,2025-06,2,1.0,4.0,0.0,0.0,1,0,1
3193.0,2025-08,1,2.0,4.0,0.0,0.0,1,0,1
3193.0,2025-09,1,1.0,4.0,7.0,0.0,1,1,0
3195.0,2025-04,4,0.0,0.0,0.0,0.0,0,0,1
3195.0,2025-05,1,4.0,0.0,0.0,0.0,0,0,1
3195.0,2025-06,1,1.0,6.0,0.0,0.0,1,0,1
3195.0,2025-08,2,1.0,4.0,0.0,0.0,1,0,1
3195.0,2025-10,2,2.0,5.0,0.0,0.0,1,0,1
3195.0,2025-12,1,2.0,5.0,11.0,0.0,1,1,0
3196.0,2025-04,1,0.0,0.0,0.0,0.0,0,0,1
3196.0,2025-05,3,1.0,0.0,0.0,0.0,0,0,1
3196.0,2025-07,1,3.0,5.0,0.0,0.0,1,0,1
3196.0,2025-10,1,1.0,5.0,0.0,0.0,1,0,1
3196.0,2025-11,1,1.0,3.0,0.0,0.0,1,0,1
3196.0,2026-01,1,1.0,3.0,8.0,0.0,1,1,0
3197.0,2025-03,2,0.0,0.0,0.0,0.0,0,0,1
3197.0,2025-04,4,2.0,0.0,0.0,0.0,0,0,1
3197.0,2025-10,1,4.0,7.0,0.0,0.0,1,0,0
3198.0,2025-04,1,0.0,0.0,0.0,0.0,0,0,1
3198.0,2025-05,3,1.0,0.0,0.0,0.0,0,0,1
3198.0,2025-07,1,3.0,5.0,0.0,0.0,1,0,0
3199.0,2025-04,1,0.0,0.0,0.0,0.0,0,0,1
3199.0,2025-07,1,1.0,0.0,0.0,0.0,0,0,0
3200.0,2025-03,1,0.0,0.0,0.0,0.0,0,0,0
3201.0,2025-04,2,0.0,0.0,0.0,0.0,0,0,1
3201.0,2025-05,1,2.0,0.0,0.0,0.0,0,0,1
3201.0,2025-06,1,1.0,4.0,0.0,0.0,1,0,0
3202.0,2025-05,1,0.0,0.0,0.0,0.0,0,0,1
3202.0,2025-09,2,1.0,0.0,0.0,0.0,0,0,0
3203.0,2025-04,1,0.0,0.0,0.0,0.0,0,0,1
3203.0,2025-06,1,1.0,0.0,0.0,0.0,0,0,0
3204.0,2025-04,1,0.0,0.0,0.0,0.0,0,0,1
3204.0,2025-09,1,1.0,0.0,0.0,0.0,0,0,0
3205.0,2025-04,3,0.0,0.0,0.0,0.0,0,0,1
3205.0,2025-06,1,3.0,0.0,0.0,0.0,0,0,1
3205.0,2025-07,1,1.0,5.0,0.0,0.0,1,0,1
3205.0,2025-11,1,1.0,3.0,0.0,0.0,1,0,0
3206.0,2025-02,1,0.0,0.0,0.0,0.0,0,0,1
3206.0,2025-03,1,1.0,0.0,0.0,0.0,0,0,1
3206.0,2025-04,2,1.0,4.0,0.0,0.0,1,0,1
3206.0,2025-05,1,2.0,4.0,0.0,0.0,1,0,1
3206.0,2025-06,6,1.0,9.0,0.0,0.0,1,0,1
3206.0,2025-09,2,6.0,9.0,13.0,0.0,1,1,0
3207.0,2025-05,2,0.0,0.0,0.0,0.0,0,0,1
3207.0,2025-07,1,2.0,0.0,0.0,0.0,0,0,1
3207.0,2025-08,1,1.0,4.0,0.0,0.0,1,0,1
3207.0,2025-09,1,1.0,3.0,0.0,0.0,1,0,0
3208.0,2025-05,3,0.0,0.0,0.0,0.0,0,0,1
3208.0,2025-06,3,3.0,0.0,0.0,0.0,0,0,1
3208.0,2025-07,1,3.0,7.0,0.0,0.0,1,0,1
3208.0,2025-09,1,1.0,5.0,0.0,0.0,1,0,1
3208.0,2025-12,1,1.0,3.0,0.0,0.0,1,0,0
3209.0,2025-03,1,0.0,0.0,0.0,0.0,0,0,1
3209.0,2025-05,1,1.0,0.0,0.0,0.0,0,0,1
3209.0,2025-07,2,1.0,4.0,0.0,0.0,1,0,1
3209.0,2025-08,2,2.0,5.0,0.0,0.0,1,0,1
3209.0,2025-10,1,2.0,5.0,0.0,0.0,1,0,1
3209.0,2025-11,1,1.0,4.0,8.0,0.0,1,1,0
3210.0,2025-03,1,0.0,0.0,0.0,0.0,0,0,1
3210.0,2025-06,1,1.0,0.0,0.0,0.0,0,0,0
3211.0,2025-02,1,0.0,0.0,0.0,0.0,0,0,1
3211.0,2025-03,1,1.0,0.0,0.0,0.0,0,0,1
3211.0,2025-04,1,1.0,3.0,0.0,0.0,1,0,1
3211.0,2025-05,1,1.0,3.0,0.0,0.0,1,0,1
3211.0,2025-06,1,1.0,3.0,0.0,0.0,1,0,1
3211.0,2025-07,2,1.0,4.0,7.0,0.0,1,1,1
3211.0,2025-08,1,2.0,4.0,7.0,0.0,1,1,1
3211.0,2025-09,1,1.0,4.0,7.0,0.0,1,1,1
3211.0,2025-11,2,1.0,4.0,8.0,0.0,1,1,1
3211.0,2026-01,1,2.0,4.0,8.0,0.0,1,1,0
3212.0,2025-03,1,0.0,0.0,0.0,0.0,0,0,1
3212.0,2025-04,2,1.0,0.0,0.0,0.0,0,0,1
3212.0,2025-05,1,2.0,4.0,0.0,0.0,1,0,1
3212.0,2025-06,1,1.0,4.0,0.0,0.0,1,0,1
3212.0,2025-09,2,1.0,4.0,0.0,0.0,1,0,1
3212.0,2025-11,3,2.0,6.0,10.0,0.0,1,1,0
3213.0,2025-03,2,0.0,0.0,0.0,0.0,0,0,1
3213.0,2025-06,1,2.0,0.0,0.0,0.0,0,0,1
3213.0,2025-07,2,1.0,5.0,0.0,0.0,1,0,1
3213.0,2025-09,3,2.0,6.0,0.0,0.0,1,0,1
3213.0,2025-10,1,3.0,6.0,0.0,0.0,1,0,1
3213.0,2025-12,1,1.0,5.0,10.0,0.0,1,1,0
3215.0,2025-02,1,0.0,0.0,0.0,0.0,0,0,1
3215.0,2025-04,1,1.0,0.0,0.0,0.0,0,0,1
3215.0,2025-05,4,1.0,6.0,0.0,0.0,1,0,1
3215.0,2025-06,1,4.0,6.0,0.0,0.0,1,0,1
3215.0,2025-07,2,1.0,7.0,0.0,0.0,1,0,1
3215.0,2025-08,2,2.0,5.0,11.0,0.0,1,1,1
3215.0,2025-12,1,2.0,5.0,11.0,0.0,1,1,0
3216.0,2025-03,1,0.0,0.0,0.0,0.0,0,0,1
3216.0,2025-05,2,1.0,0.0,0.0,0.0,0,0,1
3216.0,2025-10,1,2.0,4.0,0.0,0.0,1,0,0
3217.0,2025-11,1,0.0,0.0,0.0,0.0,0,0,1
3217.0,2025-12,1,1.0,0.0,0.0,0.0,0,0,0
3218.0,2025-02,1,0.0,0.0,0.0,0.0,0,0,1
3218.0,2025-03,1,1.0,0.0,0.0,0.0,0,0,1
3218.0,2025-04,3,1.0,5.0,0.0,0.0,1,0,1
3218.0,2025-05,3,3.0,7.0,0.0,0.0,1,0,1
3218.0,2025-09,1,3.0,7.0,0.0,0.0,1,0,1
3218.0,2025-11,1,1.0,5.0,10.0,0.0,1,1,0
3219.0,2025-02,1,0.0,0.0,0.0,0.0,0,0,1
3219.0,2025-03,1,1.0,0.0,0.0,0.0,0,0,1
3219.0,2025-05,1,1.0,3.0,0.0,0.0,1,0,0
3220.0,2025-02,1,0.0,0.0,0.0,0.0,0,0,1
3220.0,2025-08,1,1.0,0.0,0.0,0.0,0,0,1
3220.0,2025-12,1,1.0,3.0,0.0,0.0,1,0,0
3221.0,2025-04,2,0.0,0.0,0.0,0.0,0,0,1
3221.0,2025-06,1,2.0,0.0,0.0,0.0,0,0,0
3222.0,2025-02,1,0.0,0.0,0.0,0.0,0,0,1
3222.0,2025-04,4,1.0,0.0,0.0,0.0,0,0,1
3222.0,2025-05,2,4.0,7.0,0.0,0.0,1,0,1
3222.0,2025-07,3,2.0,9.0,0.0,0.0,1,0,1
3222.0,2025-11,1,3.0,6.0,0.0,0.0,1,0,0
3223.0,2025-10,1,0.0,0.0,0.0,0.0,0,0,0
3225.0,2025-04,1,0.0,0.0,0.0,0.0,0,0,0
3226.0,2025-05,1,0.0,0.0,0.0,0.0,0,0,0
3227.0,2025-04,1,0.0,0.0,0.0,0.0,0,0,0
3229.0,2025-03,1,0.0,0.0,0.0,0.0,0,0,1
3229.0,2025-09,1,1.0,0.0,0.0,0.0,0,0,0
3230.0,2025-03,1,0.0,0.0,0.0,0.0,0,0,0
3275.0,2025-02,1,0.0,0.0,0.0,0.0,0,0,1
3275.0,2026-01,1,1.0,0.0,0.0,0.0,0,0,0
3280.0,2025-02,1,0.0,0.0,0.0,0.0,0,0,1
3280.0,2025-03,1,1.0,0.0,0.0,0.0,0,0,0
3281.0,2025-03,1,0.0,0.0,0.0,0.0,0,0,1
3281.0,2025-11,1,1.0,0.0,0.0,0.0,0,0,0
3283.0,2025-02,2,0.0,0.0,0.0,0.0,0,0,1
3283.0,2025-06,1,2.0,0.0,0.0,0.0,0,0,0
3284.0,2025-06,2,0.0,0.0,0.0,0.0,0,0,1
3284.0,2025-08,1,2.0,0.0,0.0,0.0,0,0,1
3284.0,2026-01,1,1.0,4.0,0.0,0.0,1,0,0
3285.0,2025-05,1,0.0,0.0,0.0,0.0,0,0,1
3285.0,2025-06,1,1.0,0.0,0.0,0.0,0,0,1
3285.0,2025-12,1,1.0,3.0,0.0,0.0,1,0,0
3286.0,2025-02,1,0.0,0.0,0.0,0.0,0,0,0
3288.0,2025-02,1,0.0,0.0,0.0,0.0,0,0,1
3288.0,2025-10,1,1.0,0.0,0.0,0.0,0,0,1
3288.0,2025-12,1,1.0,3.0,0.0,0.0,1,0,1
3288.0,2026-01,1,1.0,3.0,0.0,0.0,1,0,0
3289.0,2025-03,2,0.0,0.0,0.0,0.0,0,0,1
3289.0,2025-04,1,2.0,0.0,0.0,0.0,0,0,1
3289.0,2025-10,1,1.0,4.0,0.0,0.0,1,0,1
3289.0,2025-11,1,1.0,3.0,0.0,0.0,1,0,0
3290.0,2025-03,1,0.0,0.0,0.0,0.0,0,0,1
3290.0,2025-12,1,1.0,0.0,0.0,0.0,0,0,0
3291.0,2025-03,1,0.0,0.0,0.0,0.0,0,0,1
3291.0,2025-06,1,1.0,0.0,0.0,0.0,0,0,1
3291.0,2025-08,1,1.0,3.0,0.0,0.0,1,0,1
3291.0,2025-11,1,1.0,3.0,0.0,0.0,1,0,0
3292.0,2025-07,1,0.0,0.0,0.0,0.0,0,0,1
3292.0,2025-09,1,1.0,0.0,0.0,0.0,0,0,0
3294.0,2025-03,2,0.0,0.0,0.0,0.0,0,0,1
3294.0,2025-06,2,2.0,0.0,0.0,0.0,0,0,1
3294.0,2026-01,1,2.0,5.0,0.0,0.0,1,0,0
3295.0,2025-06,1,0.0,0.0,0.0,0.0,0,0,1
3295.0,2025-10,1,1.0,0.0,0.0,0.0,0,0,1
3295.0,2025-12,1,1.0,3.0,0.0,0.0,1,0,0
3296.0,2025-05,2,0.0,0.0,0.0,0.0,0,0,0
3297.0,2025-02,1,0.0,0.0,0.0,0.0,0,0,1
3297.0,2025-05,1,1.0,0.0,0.0,0.0,0,0,1
3297.0,2025-06,2,1.0,4.0,0.0,0.0,1,0,1
3297.0,2025-07,1,2.0,4.0,0.0,0.0,1,0,1
3297.0,2025-08,2,1.0,5.0,0.0,0.0,1,0,1
3297.0,2025-11,1,2.0,4.0,8.0,0.0,1,1,1
3297.0,2026-01,1,1.0,4.0,8.0,0.0,1,1,0
3298.0,2025-04,1,0.0,0.0,0.0,0.0,0,0,1
3298.0,2025-05,2,1.0,0.0,0.0,0.0,0,0,1
3298.0,2025-06,2,2.0,5.0,0.0,0.0,1,0,0
3299.0,2025-07,1,0.0,0.0,0.0,0.0,0,0,1
3299.0,2025-08,1,1.0,0.0,0.0,0.0,0,0,1
3299.0,2025-09,2,1.0,4.0,0.0,0.0,1,0,1
3299.0,2025-12,1,2.0,4.0,0.0,0.0,1,0,0
3300.0,2025-03,1,0.0,0.0,0.0,0.0,0,0,1
3300.0,2025-08,4,1.0,0.0,0.0,0.0,0,0,1
3300.0,2025-09,1,4.0,6.0,0.0,0.0,1,0,1
3300.0,2026-01,2,1.0,7.0,0.0,0.0,1,0,0
3301.0,2025-02,1,0.0,0.0,0.0,0.0,0,0,1
3301.0,2025-04,1,1.0,0.0,0.0,0.0,0,0,1
3301.0,2025-07,3,1.0,5.0,0.0,0.0,1,0,1
3301.0,2025-08,2,3.0,6.0,0.0,0.0,1,0,1
3301.0,2025-09,1,2.0,6.0,0.0,0.0,1,0,1
3301.0,2025-11,2,1.0,5.0,10.0,0.0,1,1,0
3302.0,2026-01,1,0.0,0.0,0.0,0.0,0,0,0
3303.0,2025-04,1,0.0,0.0,0.0,0.0,0,0,1
3303.0,2025-06,1,1.0,0.0,0.0,0.0,0,0,1
3303.0,2025-07,2,1.0,4.0,0.0,0.0,1,0,1
3303.0,2025-09,2,2.0,5.0,0.0,0.0,1,0,0
3304.0,2025-02,2,0.0,0.0,0.0,0.0,0,0,1
3304.0,2025-03,1,2.0,0.0,0.0,0.0,0,0,1
3304.0,2025-08,3,1.0,6.0,0.0,0.0,1,0,1
3304.0,2025-09,2,3.0,6.0,0.0,0.0,1,0,1
3304.0,2025-10,3,2.0,8.0,0.0,0.0,1,0,1
3304.0,2025-12,1,3.0,6.0,12.0,0.0,1,1,0
3306.0,2025-04,1,0.0,0.0,0.0,0.0,0,0,1
3306.0,2025-07,1,1.0,0.0,0.0,0.0,0,0,1
3306.0,2025-08,1,1.0,3.0,0.0,0.0,1,0,0
3307.0,2025-03,1,0.0,0.0,0.0,0.0,0,0,0
3308.0,2025-02,1,0.0,0.0,0.0,0.0,0,0,1
3308.0,2025-09,2,1.0,0.0,0.0,0.0,0,0,0
3309.0,2025-02,2,0.0,0.0,0.0,0.0,0,0,1
3309.0,2025-07,1,2.0,0.0,0.0,0.0,0,0,1
3309.0,2025-11,1,1.0,4.0,0.0,0.0,1,0,0
3310.0,2025-10,1,0.0,0.0,0.0,0.0,0,0,0
3311.0,2025-04,1,0.0,0.0,0.0,0.0,0,0,1
3311.0,2025-05,1,1.0,0.0,0.0,0.0,0,0,1
3311.0,2026-01,1,1.0,3.0,0.0,0.0,1,0,0
3312.0,2025-10,1,0.0,0.0,0.0,0.0,0,0,0
3313.0,2025-05,1,0.0,0.0,0.0,0.0,0,0,0
3315.0,2025-02,1,0.0,0.0,0.0,0.0,0,0,0
3316.0,2026-01,2,0.0,0.0,0.0,0.0,0,0,0
3317.0,2025-03,2,0.0,0.0,0.0,0.0,0,0,1
3317.0,2025-06,1,2.0,0.0,0.0,0.0,0,0,1
3317.0,2025-09,1,1.0,4.0,0.0,0.0,1,0,1
3317.0,2025-10,1,1.0,3.0,0.0,0.0,1,0,1
3317.0,2025-11,1,1.0,3.0,0.0,0.0,1,0,0
3318.0,2025-11,1,0.0,0.0,0.0,0.0,0,0,0
3319.0,2025-02,1,0.0,0.0,0.0,0.0,0,0,1
3319.0,2025-06,4,1.0,0.0,0.0,0.0,0,0,1
3319.0,2025-08,1,4.0,6.0,0.0,0.0,1,0,1
3319.0,2025-11,1,1.0,6.0,0.0,0.0,1,0,1
3319.0,2025-12,2,1.0,4.0,0.0,0.0,1,0,0
3321.0,2025-03,1,0.0,0.0,0.0,0.0,0,0,1
3321.0,2025-11,3,1.0,0.0,0.0,0.0,0,0,0
3363.0,2025-03,2,0.0,0.0,0.0,0.0,0,0,1
3363.0,2025-05,2,2.0,0.0,0.0,0.0,0,0,1
3363.0,2026-01,1,2.0,5.0,0.0,0.0,1,0,0
3365.0,2025-02,1,0.0,0.0,0.0,0.0,0,0,1
3365.0,2025-07,1,1.0,0.0,0.0,0.0,0,0,0
3366.0,2025-07,1,0.0,0.0,0.0,0.0,0,0,1
3366.0,2025-08,1,1.0,0.0,0.0,0.0,0,0,0
3367.0,2025-04,1,0.0,0.0,0.0,0.0,0,0,1
3367.0,2025-10,1,1.0,0.0,0.0,0.0,0,0,0
3368.0,2025-09,1,0.0,0.0,0.0,0.0,0,0,0
3369.0,2025-07,1,0.0,0.0,0.0,0.0,0,0,1
3369.0,2025-08,1,1.0,0.0,0.0,0.0,0,0,1
3369.0,2025-12,1,1.0,3.0,0.0,0.0,1,0,0
3370.0,2025-02,1,0.0,0.0,0.0,0.0,0,0,0
3371.0,2025-06,1,0.0,0.0,0.0,0.0,0,0,0
3372.0,2025-12,1,0.0,0.0,0.0,0.0,0,0,1
3372.0,2026-01,1,1.0,0.0,0.0,0.0,0,0,0
3373.0,2025-04,1,0.0,0.0,0.0,0.0,0,0,1
3373.0,2025-05,1,1.0,0.0,0.0,0.0,0,0,1
3373.0,2025-06,1,1.0,3.0,0.0,0.0,1,0,0
3374.0,2025-07,1,0.0,0.0,0.0,0.0,0,0,0
3376.0,2025-05,2,0.0,0.0,0.0,0.0,0,0,1
3376.0,2025-06,1,2.0,0.0,0.0,0.0,0,0,0
3377.0,2025-04,1,0.0,0.0,0.0,0.0,0,0,1
3377.0,2025-06,1,1.0,0.0,0.0,0.0,0,0,0
3378.0,2025-02,1,0.0,0.0,0.0,0.0,0,0,1
3378.0,2025-06,1,1.0,0.0,0.0,0.0,0,0,1
3378.0,2025-07,2,1.0,4.0,0.0,0.0,1,0,1
3378.0,2025-08,3,2.0,6.0,0.0,0.0,1,0,1
3378.0,2025-09,1,3.0,6.0,0.0,0.0,1,0,1
3378.0,2025-12,1,1.0,5.0,9.0,0.0,1,1,1
3378.0,2026-01,1,1.0,3.0,9.0,0.0,1,1,0
3379.0,2025-02,3,0.0,0.0,0.0,0.0,0,0,1
3379.0,2025-03,4,3.0,0.0,0.0,0.0,0,0,1
3379.0,2025-04,3,4.0,10.0,0.0,0.0,1,0,1
3379.0,2025-06,3,3.0,10.0,0.0,0.0,1,0,1
3379.0,2025-07,1,3.0,7.0,0.0,0.0,1,0,1
3379.0,2025-08,1,1.0,5.0,15.0,0.0,1,1,1
3379.0,2025-09,2,1.0,4.0,14.0,0.0,1,1,0
3381.0,2025-05,1,0.0,0.0,0.0,0.0,0,0,1
3381.0,2025-08,1,1.0,0.0,0.0,0.0,0,0,1
3381.0,2025-09,1,1.0,3.0,0.0,0.0,1,0,0
3382.0,2025-02,1,0.0,0.0,0.0,0.0,0,0,1
3382.0,2025-03,1,1.0,0.0,0.0,0.0,0,0,1
3382.0,2025-06,1,1.0,3.0,0.0,0.0,1,0,1
3382.0,2025-07,1,1.0,3.0,0.0,0.0,1,0,1
3382.0,2025-09,4,1.0,6.0,0.0,0.0,1,0,1
3382.0,2025-10,1,4.0,6.0,9.0,0.0,1,1,1
3382.0,2025-11,1,1.0,6.0,9.0,0.0,1,1,0
3383.0,2025-05,2,0.0,0.0,0.0,0.0,0,0,1
3383.0,2025-11,1,2.0,0.0,0.0,0.0,0,0,0
3384.0,2025-04,1,0.0,0.0,0.0,0.0,0,0,1
3384.0,2025-05,1,1.0,0.0,0.0,0.0,0,0,1
3384.0,2025-08,1,1.0,3.0,0.0,0.0,1,0,1
3384.0,2025-09,1,1.0,3.0,0.0,0.0,1,0,0
3385.0,2025-05,1,0.0,0.0,0.0,0.0,0,0,1
3385.0,2025-06,2,1.0,0.0,0.0,0.0,0,0,1
3385.0,2025-07,1,2.0,4.0,0.0,0.0,1,0,1
3385.0,2025-08,3,1.0,6.0,0.0,0.0,1,0,1
3385.0,2025-12,2,3.0,6.0,0.0,0.0,1,0,0
3386.0,2025-03,1,0.0,0.0,0.0,0.0,0,0,1
3386.0,2025-07,2,1.0,0.0,0.0,0.0,0,0,1
3386.0,2025-09,1,2.0,4.0,0.0,0.0,1,0,1
3386.0,2026-01,4,1.0,7.0,0.0,0.0,1,0,0
3387.0,2025-04,2,0.0,0.0,0.0,0.0,0,0,1
3387.0,2025-06,1,2.0,0.0,0.0,0.0,0,0,1
3387.0,2025-07,2,1.0,5.0,0.0,0.0,1,0,1
3387.0,2025-08,1,2.0,4.0,0.0,0.0,1,0,1
3387.0,2025-09,1,1.0,4.0,0.0,0.0,1,0,0
3388.0,2025-03,1,0.0,0.0,0.0,0.0,0,0,1
3388.0,2025-04,1,1.0,0.0,0.0,0.0,0,0,1
3388.0,2025-12,1,1.0,3.0,0.0,0.0,1,0,1
3388.0,2026-01,2,1.0,4.0,0.0,0.0,1,0,0
3389.0,2025-02,1,0.0,0.0,0.0,0.0,0,0,1
3389.0,2025-04,1,1.0,0.0,0.0,0.0,0,0,1
3389.0,2025-06,1,1.0,3.0,0.0,0.0,1,0,1
3389.0,2025-11,2,1.0,4.0,0.0,0.0,1,0,0
3390.0,2025-03,1,0.0,0.0,0.0,0.0,0,0,1
3390.0,2025-04,2,1.0,0.0,0.0,0.0,0,0,1
3390.0,2025-07,1,2.0,4.0,0.0,0.0,1,0,0
3391.0,2025-02,1,0.0,0.0,0.0,0.0,0,0,1
3391.0,2025-03,5,1.0,0.0,0.0,0.0,0,0,1
3391.0,2025-04,1,5.0,7.0,0.0,0.0,1,0,1
3391.0,2025-06,2,1.0,8.0,0.0,0.0,1,0,1
3391.0,2025-07,2,2.0,5.0,0.0,0.0,1,0,1
3391.0,2025-08,1,2.0,5.0,12.0,0.0,1,1,1
3391.0,2025-10,1,1.0,4.0,12.0,0.0,1,1,0
3392.0,2025-06,3,0.0,0.0,0.0,0.0,0,0,1
3392.0,2025-08,1,3.0,0.0,0.0,0.0,0,0,1
3392.0,2025-11,1,1.0,5.0,0.0,0.0,1,0,0
3393.0,2025-03,1,0.0,0.0,0.0,0.0,0,0,1
3393.0,2025-04,1,1.0,0.0,0.0,0.0,0,0,1
3393.0,2025-11,4,1.0,6.0,0.0,0.0,1,0,0
3394.0,2025-06,1,0.0,0.0,0.0,0.0,0,0,1
3394.0,2025-10,1,1.0,0.0,0.0,0.0,0,0,0
3395.0,2025-04,1,0.0,0.0,0.0,0.0,0,0,1
3395.0,2025-08,1,1.0,0.0,0.0,0.0,0,0,1
3395.0,2025-09,1,1.0,3.0,0.0,0.0,1,0,1
3395.0,2026-01,1,1.0,3.0,0.0,0.0,1,0,0
3396.0,2025-05,2,0.0,0.0,0.0,0.0,0,0,1
3396.0,2025-09,1,2.0,0.0,0.0,0.0,0,0,0
3397.0,2025-06,1,0.0,0.0,0.0,0.0,0,0,1
3397.0,2025-09,1,1.0,0.0,0.0,0.0,0,0,1
3397.0,2025-11,1,1.0,3.0,0.0,0.0,1,0,0
3398.0,2025-03,2,0.0,0.0,0.0,0.0,0,0,1
3398.0,2025-11,1,2.0,0.0,0.0,0.0,0,0,0
3399.0,2025-04,1,0.0,0.0,0.0,0.0,0,0,1
3399.0,2025-06,2,1.0,0.0,0.0,0.0,0,0,1
3399.0,2026-01,1,2.0,4.0,0.0,0.0,1,0,0
3400.0,2025-06,1,0.0,0.0,0.0,0.0,0,0,1
3400.0,2025-10,1,1.0,0.0,0.0,0.0,0,0,1
3400.0,2025-11,1,1.0,3.0,0.0,0.0,1,0,0
3401.0,2025-02,1,0.0,0.0,0.0,0.0,0,0,0
3402.0,2025-02,1,0.0,0.0,0.0,0.0,0,0,1
3402.0,2025-03,1,1.0,0.0,0.0,0.0,0,0,1
3402.0,2025-05,1,1.0,3.0,0.0,0.0,1,0,0
3451.0,2025-09,1,0.0,0.0,0.0,0.0,0,0,0
3453.0,2025-02,1,0.0,0.0,0.0,0.0,0,0,0
3454.0,2025-05,1,0.0,0.0,0.0,0.0,0,0,1
3454.0,2025-07,2,1.0,0.0,0.0,0.0,0,0,1
3454.0,2025-10,1,2.0,4.0,0.0,0.0,1,0,0
3455.0,2025-06,1,0.0,0.0,0.0,0.0,0,0,0
3456.0,2025-05,2,0.0,0.0,0.0,0.0,0,0,1
3456.0,2025-08,2,2.0,0.0,0.0,0.0,0,0,1
3456.0,2025-09,1,2.0,5.0,0.0,0.0,1,0,0
3457.0,2025-08,1,0.0,0.0,0.0,0.0,0,0,0
3460.0,2025-07,1,0.0,0.0,0.0,0.0,0,0,1
3460.0,2025-11,1,1.0,0.0,0.0,0.0,0,0,0
3466.0,2026-01,2,0.0,0.0,0.0,0.0,0,0,0
3467.0,2025-07,2,0.0,0.0,0.0,0.0,0,0,1
3467.0,2025-09,1,2.0,0.0,0.0,0.0,0,0,1
3467.0,2025-10,1,1.0,4.0,0.0,0.0,1,0,1
3467.0,2026-01,1,1.0,3.0,0.0,0.0,1,0,0
3468.0,2025-02,1,0.0,0.0,0.0,0.0,0,0,1
3468.0,2025-03,1,1.0,0.0,0.0,0.0,0,0,1
3468.0,2025-08,1,1.0,3.0,0.0,0.0,1,0,1
3468.0,2025-11,1,1.0,3.0,0.0,0.0,1,0,0
3472.0,2025-03,1,0.0,0.0,0.0,0.0,0,0,1
3472.0,2025-05,1,1.0,0.0,0.0,0.0,0,0,1
3472.0,2025-06,2,1.0,4.0,0.0,0.0,1,0,1
3472.0,2025-09,3,2.0,6.0,0.0,0.0,1,0,0
3473.0,2025-12,1,0.0,0.0,0.0,0.0,0,0,0
3474.0,2025-03,1,0.0,0.0,0.0,0.0,0,0,1
3474.0,2026-01,1,1.0,0.0,0.0,0.0,0,0,0
3475.0,2025-03,1,0.0,0.0,0.0,0.0,0,0,1
3475.0,2025-07,1,1.0,0.0,0.0,0.0,0,0,1
3475.0,2025-09,1,1.0,3.0,0.0,0.0,1,0,1
3475.0,2025-11,1,1.0,3.0,0.0,0.0,1,0,1
3475.0,2025-12,1,1.0,3.0,0.0,0.0,1,0,0
3477.0,2025-02,1,0.0,0.0,0.0,0.0,0,0,1
3477.0,2025-04,2,1.0,0.0,0.0,0.0,0,0,1
3477.0,2025-10,2,2.0,5.0,0.0,0.0,1,0,0
3478.0,2025-05,2,0.0,0.0,0.0,0.0,0,0,1
3478.0,2025-07,1,2.0,0.0,0.0,0.0,0,0,0
3479.0,2025-05,1,0.0,0.0,0.0,0.0,0,0,1
3479.0,2025-06,1,1.0,0.0,0.0,0.0,0,0,1
3479.0,2025-07,1,1.0,3.0,0.0,0.0,1,0,0
3480.0,2025-03,1,0.0,0.0,0.0,0.0,0,0,1
3480.0,2025-07,1,1.0,0.0,0.0,0.0,0,0,1
3480.0,2025-08,1,1.0,3.0,0.0,0.0,1,0,0
3481.0,2025-10,1,0.0,0.0,0.0,0.0,0,0,0
3482.0,2025-04,1,0.0,0.0,0.0,0.0,0,0,0
3483.0,2025-06,1,0.0,0.0,0.0,0.0,0,0,1
3483.0,2025-07,3,1.0,0.0,0.0,0.0,0,0,1
3483.0,2025-09,2,3.0,6.0,0.0,0.0,1,0,1
3483.0,2025-10,2,2.0,7.0,0.0,0.0,1,0,0
3485.0,2025-08,2,0.0,0.0,0.0,0.0,0,0,0
3487.0,2025-02,2,0.0,0.0,0.0,0.0,0,0,1
3487.0,2025-06,1,2.0,0.0,0.0,0.0,0,0,0
3488.0,2025-02,1,0.0,0.0,0.0,0.0,0,0,1
3488.0,2025-04,1,1.0,0.0,0.0,0.0,0,0,1
3488.0,2025-10,1,1.0,3.0,0.0,0.0,1,0,0
3489.0,2025-05,1,0.0,0.0,0.0,0.0,0,0,1
3489.0,2025-07,1,1.0,0.0,0.0,0.0,0,0,1
3489.0,2025-08,1,1.0,3.0,0.0,0.0,1,0,1
3489.0,2025-11,1,1.0,3.0,0.0,0.0,1,0,0
3492.0,2025-06,3,0.0,0.0,0.0,0.0,0,0,0
3493.0,2025-05,1,0.0,0.0,0.0,0.0,0,0,1
3493.0,2025-06,1,1.0,0.0,0.0,0.0,0,0,0
3494.0,2025-05,1,0.0,0.0,0.0,0.0,0,0,0
3540.0,2025-07,1,0.0,0.0,0.0,0.0,0,0,0
3541.0,2025-06,1,0.0,0.0,0.0,0.0,0,0,0
3542.0,2025-02,1,0.0,0.0,0.0,0.0,0,0,1
3542.0,2025-07,2,1.0,0.0,0.0,0.0,0,0,1
3542.0,2026-01,2,2.0,5.0,0.0,0.0,1,0,0
3543.0,2025-07,4,0.0,0.0,0.0,0.0,0,0,1
3543.0,2025-08,1,4.0,0.0,0.0,0.0,0,0,1
3543.0,2025-09,2,1.0,7.0,0.0,0.0,1,0,1
3543.0,2025-12,1,2.0,4.0,0.0,0.0,1,0,1
3543.0,2026-01,1,1.0,4.0,0.0,0.0,1,0,0
3544.0,2025-04,1,0.0,0.0,0.0,0.0,0,0,1
3544.0,2025-07,1,1.0,0.0,0.0,0.0,0,0,1
3544.0,2025-08,3,1.0,5.0,0.0,0.0,1,0,0
3545.0,2025-08,1,0.0,0.0,0.0,0.0,0,0,1
3545.0,2025-09,2,1.0,0.0,0.0,0.0,0,0,1
3545.0,2026-01,1,2.0,4.0,0.0,0.0,1,0,0
3546.0,2025-05,1,0.0,0.0,0.0,0.0,0,0,0
3550.0,2025-03,1,0.0,0.0,0.0,0.0,0,0,1
3550.0,2025-08,1,1.0,0.0,0.0,0.0,0,0,0
3551.0,2025-06,2,0.0,0.0,0.0,0.0,0,0,1
3551.0,2025-07,2,2.0,0.0,0.0,0.0,0,0,1
3551.0,2025-09,1,2.0,5.0,0.0,0.0,1,0,0
3552.0,2025-07,2,0.0,0.0,0.0,0.0,0,0,1
3552.0,2025-08,1,2.0,0.0,0.0,0.0,0,0,1
3552.0,2025-10,1,1.0,4.0,0.0,0.0,1,0,0
3553.0,2025-02,1,0.0,0.0,0.0,0.0,0,0,1
3553.0,2025-05,1,1.0,0.0,0.0,0.0,0,0,1
3553.0,2025-07,1,1.0,3.0,0.0,0.0,1,0,0
3554.0,2025-02,1,0.0,0.0,0.0,0.0,0,0,1
3554.0,2025-03,2,1.0,0.0,0.0,0.0,0,0,0
3555.0,2025-05,2,0.0,0.0,0.0,0.0,0,0,1
3555.0,2025-08,1,2.0,0.0,0.0,0.0,0,0,0
3556.0,2025-08,1,0.0,0.0,0.0,0.0,0,0,0
3560.0,2025-03,1,0.0,0.0,0.0,0.0,0,0,1
3560.0,2025-04,1,1.0,0.0,0.0,0.0,0,0,1
3560.0,2025-05,1,1.0,3.0,0.0,0.0,1,0,1
3560.0,2025-07,1,1.0,3.0,0.0,0.0,1,0,0
3561.0,2025-08,1,0.0,0.0,0.0,0.0,0,0,1
3561.0,2025-10,1,1.0,0.0,0.0,0.0,0,0,0
3562.0,2025-04,1,0.0,0.0,0.0,0.0,0,0,0
3565.0,2025-08,1,0.0,0.0,0.0,0.0,0,0,1
3565.0,2025-10,1,1.0,0.0,0.0,0.0,0,0,0
3566.0,2025-04,1,0.0,0.0,0.0,0.0,0,0,1
3566.0,2025-06,1,1.0,0.0,0.0,0.0,0,0,1
3566.0,2025-08,1,1.0,3.0,0.0,0.0,1,0,1
3566.0,2026-01,1,1.0,3.0,0.0,0.0,1,0,0
3567.0,2025-03,1,0.0,0.0,0.0,0.0,0,0,1
3567.0,2025-04,1,1.0,0.0,0.0,0.0,0,0,1
3567.0,2025-05,3,1.0,5.0,0.0,0.0,1,0,1
3567.0,2025-06,2,3.0,6.0,0.0,0.0,1,0,1
3567.0,2025-07,1,2.0,6.0,0.0,0.0,1,0,1
3567.0,2025-11,1,1.0,4.0,9.0,0.0,1,1,0
3568.0,2025-07,1,0.0,0.0,0.0,0.0,0,0,0
3570.0,2025-04,1,0.0,0.0,0.0,0.0,0,0,1
3570.0,2025-06,1,1.0,0.0,0.0,0.0,0,0,1
3570.0,2025-10,2,1.0,4.0,0.0,0.0,1,0,0
3573.0,2026-01,1,0.0,0.0,0.0,0.0,0,0,0
3574.0,2025-04,1,0.0,0.0,0.0,0.0,0,0,1
3574.0,2025-09,2,1.0,0.0,0.0,0.0,0,0,1
3574.0,2026-01,1,2.0,4.0,0.0,0.0,1,0,0
3575.0,2025-02,1,0.0,0.0,0.0,0.0,0,0,1
3575.0,2025-09,1,1.0,0.0,0.0,0.0,0,0,0
3576.0,2025-06,1,0.0,0.0,0.0,0.0,0,0,1
3576.0,2025-09,1,1.0,0.0,0.0,0.0,0,0,1
3576.0,2025-10,1,1.0,3.0,0.0,0.0,1,0,0
3577.0,2025-05,1,0.0,0.0,0.0,0.0,0,0,1
3577.0,2026-01,1,1.0,0.0,0.0,0.0,0,0,0
3578.0,2025-12,1,0.0,0.0,0.0,0.0,0,0,0
3580.0,2025-06,1,0.0,0.0,0.0,0.0,0,0,0
3581.0,2025-05,1,0.0,0.0,0.0,0.0,0,0,0
3582.0,2025-09,1,0.0,0.0,0.0,0.0,0,0,1
3582.0,2025-10,1,1.0,0.0,0.0,0.0,0,0,0
3583.0,2025-09,1,0.0,0.0,0.0,0.0,0,0,0
3586.0,2025-11,1,0.0,0.0,0.0,0.0,0,0,0
3626.0,2025-06,1,0.0,0.0,0.0,0.0,0,0,0
3629.0,2025-10,4,0.0,0.0,0.0,0.0,0,0,0
3630.0,2025-07,1,0.0,0.0,0.0,0.0,0,0,0
3631.0,2025-03,2,0.0,0.0,0.0,0.0,0,0,1
3631.0,2025-04,1,2.0,0.0,0.0,0.0,0,0,1
3631.0,2025-09,1,1.0,4.0,0.0,0.0,1,0,0
3632.0,2025-08,1,0.0,0.0,0.0,0.0,0,0,0
3637.0,2025-04,1,0.0,0.0,0.0,0.0,0,0,0
3638.0,2025-03,1,0.0,0.0,0.0,0.0,0,0,1
3638.0,2025-06,1,1.0,0.0,0.0,0.0,0,0,1
3638.0,2025-07,1,1.0,3.0,0.0,0.0,1,0,0
3639.0,2025-03,1,0.0,0.0,0.0,0.0,0,0,1
3639.0,2025-04,2,1.0,0.0,0.0,0.0,0,0,1
3639.0,2025-05,2,2.0,5.0,0.0,0.0,1,0,1
3639.0,2026-01,2,2.0,6.0,0.0,0.0,1,0,0
3640.0,2025-11,1,0.0,0.0,0.0,0.0,0,0,0
3641.0,2025-05,1,0.0,0.0,0.0,0.0,0,0,0
3642.0,2025-03,1,0.0,0.0,0.0,0.0,0,0,0
3643.0,2025-08,1,0.0,0.0,0.0,0.0,0,0,0
3649.0,2025-04,1,0.0,0.0,0.0,0.0,0,0,1
3649.0,2025-05,1,1.0,0.0,0.0,0.0,0,0,1
3649.0,2025-06,1,1.0,3.0,0.0,0.0,1,0,1
3649.0,2025-07,1,1.0,3.0,0.0,0.0,1,0,1
3649.0,2025-08,2,1.0,4.0,0.0,0.0,1,0,0
3650.0,2025-03,1,0.0,0.0,0.0,0.0,0,0,1
3650.0,2025-09,1,1.0,0.0,0.0,0.0,0,0,1
3650.0,2025-10,1,1.0,3.0,0.0,0.0,1,0,0
3652.0,2025-06,1,0.0,0.0,0.0,0.0,0,0,1
3652.0,2025-07,1,1.0,0.0,0.0,0.0,0,0,1
3652.0,2025-09,1,1.0,3.0,0.0,0.0,1,0,1
3652.0,2025-11,1,1.0,3.0,0.0,0.0,1,0,0
3653.0,2025-06,1,0.0,0.0,0.0,0.0,0,0,1
3653.0,2025-09,1,1.0,0.0,0.0,0.0,0,0,1
3653.0,2025-11,1,1.0,3.0,0.0,0.0,1,0,0
3654.0,2025-04,1,0.0,0.0,0.0,0.0,0,0,1
3654.0,2025-05,1,1.0,0.0,0.0,0.0,0,0,1
3654.0,2025-08,1,1.0,3.0,0.0,0.0,1,0,1
3654.0,2025-10,1,1.0,3.0,0.0,0.0,1,0,0
3655.0,2025-04,1,0.0,0.0,0.0,0.0,0,0,1
3655.0,2025-06,1,1.0,0.0,0.0,0.0,0,0,1
3655.0,2025-11,2,1.0,4.0,0.0,0.0,1,0,0
3656.0,2025-08,3,0.0,0.0,0.0,0.0,0,0,1
3656.0,2025-09,1,3.0,0.0,0.0,0.0,0,0,1
3656.0,2025-10,1,1.0,5.0,0.0,0.0,1,0,0
3657.0,2025-09,1,0.0,0.0,0.0,0.0,0,0,1
3657.0,2025-11,1,1.0,0.0,0.0,0.0,0,0,0
3658.0,2025-03,2,0.0,0.0,0.0,0.0,0,0,1
3658.0,2025-10,1,2.0,0.0,0.0,0.0,0,0,0
3661.0,2025-04,1,0.0,0.0,0.0,0.0,0,0,0
3662.0,2025-05,1,0.0,0.0,0.0,0.0,0,0,0
3665.0,2025-07,1,0.0,0.0,0.0,0.0,0,0,0
3670.0,2025-02,1,0.0,0.0,0.0,0.0,0,0,1
3670.0,2026-02,1,1.0,0.0,0.0,0.0,0,0,0
3671.0,2025-09,1,0.0,0.0,0.0,0.0,0,0,0
3672.0,2025-04,1,0.0,0.0,0.0,0.0,0,0,1
3672.0,2025-10,1,1.0,0.0,0.0,0.0,0,0,0
3710.0,2025-12,1,0.0,0.0,0.0,0.0,0,0,0
3711.0,2025-07,1,0.0,0.0,0.0,0.0,0,0,1
3711.0,2025-11,1,1.0,0.0,0.0,0.0,0,0,0
3713.0,2025-06,3,0.0,0.0,0.0,0.0,0,0,0
3714.0,2025-07,1,0.0,0.0,0.0,0.0,0,0,0
3715.0,2025-02,1,0.0,0.0,0.0,0.0,0,0,0
3716.0,2025-04,1,0.0,0.0,0.0,0.0,0,0,0
3718.0,2025-05,1,0.0,0.0,0.0,0.0,0,0,0
3719.0,2025-07,1,0.0,0.0,0.0,0.0,0,0,1
3719.0,2026-01,1,1.0,0.0,0.0,0.0,0,0,1
3719.0,2026-02,1,1.0,3.0,0.0,0.0,1,0,0
3720.0,2025-04,2,0.0,0.0,0.0,0.0,0,0,1
3720.0,2025-10,1,2.0,0.0,0.0,0.0,0,0,1
3720.0,2025-11,1,1.0,4.0,0.0,0.0,1,0,0
3721.0,2025-10,1,0.0,0.0,0.0,0.0,0,0,1
3721.0,2026-01,1,1.0,0.0,0.0,0.0,0,0,0
3722.0,2025-05,1,0.0,0.0,0.0,0.0,0,0,1
3722.0,2025-08,1,1.0,0.0,0.0,0.0,0,0,0
3723.0,2025-07,1,0.0,0.0,0.0,0.0,0,0,1
3723.0,2025-08,1,1.0,0.0,0.0,0.0,0,0,1
3723.0,2026-01,1,1.0,3.0,0.0,0.0,1,0,0
3724.0,2025-07,1,0.0,0.0,0.0,0.0,0,0,1
3724.0,2025-08,2,1.0,0.0,0.0,0.0,0,0,1
3724.0,2025-09,1,2.0,4.0,0.0,0.0,1,0,1
3724.0,2025-10,1,1.0,4.0,0.0,0.0,1,0,1
3724.0,2025-11,1,1.0,3.0,0.0,0.0,1,0,1
3724.0,2026-01,2,1.0,4.0,8.0,0.0,1,1,0
3726.0,2025-05,1,0.0,0.0,0.0,0.0,0,0,1
3726.0,2025-06,1,1.0,0.0,0.0,0.0,0,0,1
3726.0,2025-09,2,1.0,4.0,0.0,0.0,1,0,1
3726.0,2026-01,1,2.0,4.0,0.0,0.0,1,0,0
3727.0,2025-08,1,0.0,0.0,0.0,0.0,0,0,0
3728.0,2025-03,2,0.0,0.0,0.0,0.0,0,0,1
3728.0,2025-06,1,2.0,0.0,0.0,0.0,0,0,1
3728.0,2025-08,1,1.0,4.0,0.0,0.0,1,0,0
3729.0,2025-04,1,0.0,0.0,0.0,0.0,0,0,1
3729.0,2026-01,1,1.0,0.0,0.0,0.0,0,0,0
3730.0,2025-11,1,0.0,0.0,0.0,0.0,0,0,1
3730.0,2026-01,1,1.0,0.0,0.0,0.0,0,0,0
3731.0,2025-02,1,0.0,0.0,0.0,0.0,0,0,1
3731.0,2025-03,3,1.0,0.0,0.0,0.0,0,0,1
3731.0,2025-07,1,3.0,5.0,0.0,0.0,1,0,1
3731.0,2025-11,2,1.0,6.0,0.0,0.0,1,0,1
3731.0,2025-12,2,2.0,5.0,0.0,0.0,1,0,0
3734.0,2025-08,1,0.0,0.0,0.0,0.0,0,0,0
3735.0,2025-07,1,0.0,0.0,0.0,0.0,0,0,0
3736.0,2025-09,1,0.0,0.0,0.0,0.0,0,0,1
3736.0,2025-11,2,1.0,0.0,0.0,0.0,0,0,0
3737.0,2025-04,1,0.0,0.0,0.0,0.0,0,0,1
3737.0,2025-06,1,1.0,0.0,0.0,0.0,0,0,1
3737.0,2025-07,2,1.0,4.0,0.0,0.0,1,0,1
3737.0,2025-08,4,2.0,7.0,0.0,0.0,1,0,0
3738.0,2025-02,1,0.0,0.0,0.0,0.0,0,0,1
3738.0,2025-04,8,1.0,0.0,0.0,0.0,0,0,1
3738.0,2025-05,2,8.0,11.0,0.0,0.0,1,0,1
3738.0,2025-06,1,2.0,11.0,0.0,0.0,1,0,1
3738.0,2025-11,1,1.0,4.0,0.0,0.0,1,0,1
3738.0,2026-01,1,1.0,3.0,14.0,0.0,1,1,0
3739.0,2025-04,1,0.0,0.0,0.0,0.0,0,0,0
3740.0,2025-03,1,0.0,0.0,0.0,0.0,0,0,1
3740.0,2025-04,1,1.0,0.0,0.0,0.0,0,0,1
3740.0,2025-05,1,1.0,3.0,0.0,0.0,1,0,1
3740.0,2025-07,1,1.0,3.0,0.0,0.0,1,0,0
3741.0,2025-04,1,0.0,0.0,0.0,0.0,0,0,1
3741.0,2025-05,1,1.0,0.0,0.0,0.0,0,0,1
3741.0,2025-10,1,1.0,3.0,0.0,0.0,1,0,1
3741.0,2025-11,1,1.0,3.0,0.0,0.0,1,0,1
3741.0,2026-01,1,1.0,3.0,0.0,0.0,1,0,0
3742.0,2025-04,1,0.0,0.0,0.0,0.0,0,0,1
3742.0,2025-06,1,1.0,0.0,0.0,0.0,0,0,1
3742.0,2025-08,2,1.0,4.0,0.0,0.0,1,0,1
3742.0,2025-09,3,2.0,6.0,0.0,0.0,1,0,1
3742.0,2025-10,1,3.0,6.0,0.0,0.0,1,0,0
3743.0,2025-06,1,0.0,0.0,0.0,0.0,0,0,1
3743.0,2025-09,1,1.0,0.0,0.0,0.0,0,0,0
3744.0,2025-05,1,0.0,0.0,0.0,0.0,0,0,1
3744.0,2025-06,1,1.0,0.0,0.0,0.0,0,0,1
3744.0,2026-02,1,1.0,3.0,0.0,0.0,1,0,0
3745.0,2025-05,1,0.0,0.0,0.0,0.0,0,0,1
3745.0,2026-01,6,1.0,0.0,0.0,0.0,0,0,0
3746.0,2025-05,1,0.0,0.0,0.0,0.0,0,0,0
3747.0,2025-03,1,0.0,0.0,0.0,0.0,0,0,1
3747.0,2025-08,2,1.0,0.0,0.0,0.0,0,0,0
3748.0,2025-02,1,0.0,0.0,0.0,0.0,0,0,1
3748.0,2025-03,8,1.0,0.0,0.0,0.0,0,0,1
3748.0,2025-11,1,8.0,10.0,0.0,0.0,1,0,0
3750.0,2025-04,1,0.0,0.0,0.0,0.0,0,0,1
3750.0,2025-06,1,1.0,0.0,0.0,0.0,0,0,1
3750.0,2025-08,1,1.0,3.0,0.0,0.0,1,0,1
3750.0,2026-01,2,1.0,4.0,0.0,0.0,1,0,0
3751.0,2025-11,1,0.0,0.0,0.0,0.0,0,0,0
3752.0,2025-04,1,0.0,0.0,0.0,0.0,0,0,0
3753.0,2025-09,1,0.0,0.0,0.0,0.0,0,0,0
3756.0,2026-01,1,0.0,0.0,0.0,0.0,0,0,0
3760.0,2025-11,1,0.0,0.0,0.0,0.0,0,0,0
3761.0,2025-04,1,0.0,0.0,0.0,0.0,0,0,1
3761.0,2025-10,1,1.0,0.0,0.0,0.0,0,0,0
3800.0,2025-02,1,0.0,0.0,0.0,0.0,0,0,0
3802.0,2026-01,1,0.0,0.0,0.0,0.0,0,0,0
3804.0,2025-10,1,0.0,0.0,0.0,0.0,0,0,0
3805.0,2025-06,1,0.0,0.0,0.0,0.0,0,0,1
3805.0,2025-12,1,1.0,0.0,0.0,0.0,0,0,0
3806.0,2025-06,1,0.0,0.0,0.0,0.0,0,0,1
3806.0,2025-07,1,1.0,0.0,0.0,0.0,0,0,1
3806.0,2025-12,1,1.0,3.0,0.0,0.0,1,0,0
3807.0,2025-11,1,0.0,0.0,0.0,0.0,0,0,0
3808.0,2025-03,1,0.0,0.0,0.0,0.0,0,0,1
3808.0,2025-05,1,1.0,0.0,0.0,0.0,0,0,1
3808.0,2025-09,1,1.0,3.0,0.0,0.0,1,0,0
3809.0,2025-03,1,0.0,0.0,0.0,0.0,0,0,1
3809.0,2025-07,1,1.0,0.0,0.0,0.0,0,0,0
3811.0,2025-05,2,0.0,0.0,0.0,0.0,0,0,1
3811.0,2025-09,2,2.0,0.0,0.0,0.0,0,0,0
3812.0,2025-03,1,0.0,0.0,0.0,0.0,0,0,1
3812.0,2025-04,1,1.0,0.0,0.0,0.0,0,0,1
3812.0,2025-07,1,1.0,3.0,0.0,0.0,1,0,1
3812.0,2026-01,1,1.0,3.0,0.0,0.0,1,0,0
3813.0,2025-04,1,0.0,0.0,0.0,0.0,0,0,1
3813.0,2025-05,1,1.0,0.0,0.0,0.0,0,0,1
3813.0,2025-11,1,1.0,3.0,0.0,0.0,1,0,0
3814.0,2025-06,1,0.0,0.0,0.0,0.0,0,0,1
3814.0,2025-07,1,1.0,0.0,0.0,0.0,0,0,1
3814.0,2025-09,1,1.0,3.0,0.0,0.0,1,0,0
3815.0,2025-08,1,0.0,0.0,0.0,0.0,0,0,1
3815.0,2025-12,1,1.0,0.0,0.0,0.0,0,0,0
3816.0,2025-02,1,0.0,0.0,0.0,0.0,0,0,0
3822.0,2025-02,1,0.0,0.0,0.0,0.0,0,0,1
3822.0,2025-04,2,1.0,0.0,0.0,0.0,0,0,1
3822.0,2025-05,2,2.0,5.0,0.0,0.0,1,0,1
3822.0,2025-06,1,2.0,5.0,0.0,0.0,1,0,1
3822.0,2025-10,1,1.0,4.0,0.0,0.0,1,0,1
3822.0,2025-11,1,1.0,3.0,8.0,0.0,1,1,0
3823.0,2025-03,1,0.0,0.0,0.0,0.0,0,0,1
3823.0,2025-08,1,1.0,0.0,0.0,0.0,0,0,1
3823.0,2025-12,2,1.0,4.0,0.0,0.0,1,0,0
3824.0,2025-02,1,0.0,0.0,0.0,0.0,0,0,1
3824.0,2025-12,1,1.0,0.0,0.0,0.0,0,0,0
3825.0,2025-04,1,0.0,0.0,0.0,0.0,0,0,1
3825.0,2025-09,1,1.0,0.0,0.0,0.0,0,0,1
3825.0,2025-12,1,1.0,3.0,0.0,0.0,1,0,0
3827.0,2025-05,1,0.0,0.0,0.0,0.0,0,0,0
3829.0,2025-02,2,0.0,0.0,0.0,0.0,0,0,1
3829.0,2025-04,2,2.0,0.0,0.0,0.0,0,0,1
3829.0,2025-05,1,2.0,5.0,0.0,0.0,1,0,1
3829.0,2025-06,1,1.0,4.0,0.0,0.0,1,0,1
3829.0,2025-07,1,1.0,3.0,0.0,0.0,1,0,1
3829.0,2025-12,1,1.0,3.0,8.0,0.0,1,1,0
3830.0,2026-01,1,0.0,0.0,0.0,0.0,0,0,0
3831.0,2025-06,1,0.0,0.0,0.0,0.0,0,0,0
3836.0,2025-04,1,0.0,0.0,0.0,0.0,0,0,1
3836.0,2025-08,1,1.0,0.0,0.0,0.0,0,0,0
3838.0,2025-05,1,0.0,0.0,0.0,0.0,0,0,1
3838.0,2025-08,1,1.0,0.0,0.0,0.0,0,0,0
3839.0,2025-03,2,0.0,0.0,0.0,0.0,0,0,1
3839.0,2025-06,1,2.0,0.0,0.0,0.0,0,0,0
3850.0,2025-02,1,0.0,0.0,0.0,0.0,0,0,1
3850.0,2025-06,2,1.0,0.0,0.0,0.0,0,0,1
3850.0,2026-01,1,2.0,4.0,0.0,0.0,1,0,0
3889.0,2025-08,1,0.0,0.0,0.0,0.0,0,0,0
3890.0,2025-12,1,0.0,0.0,0.0,0.0,0,0,0
3894.0,2025-05,1,0.0,0.0,0.0,0.0,0,0,0
3895.0,2025-02,1,0.0,0.0,0.0,0.0,0,0,1
3895.0,2025-09,1,1.0,0.0,0.0,0.0,0,0,0
3900.0,2025-05,1,0.0,0.0,0.0,0.0,0,0,1
3900.0,2025-07,1,1.0,0.0,0.0,0.0,0,0,0
3901.0,2025-02,1,0.0,0.0,0.0,0.0,0,0,0
3902.0,2025-05,1,0.0,0.0,0.0,0.0,0,0,1
3902.0,2025-09,1,1.0,0.0,0.0,0.0,0,0,1
3902.0,2025-10,1,1.0,3.0,0.0,0.0,1,0,0
3903.0,2026-01,1,0.0,0.0,0.0,0.0,0,0,0
3904.0,2025-04,1,0.0,0.0,0.0,0.0,0,0,1
3904.0,2025-05,1,1.0,0.0,0.0,0.0,0,0,0
3907.0,2025-06,1,0.0,0.0,0.0,0.0,0,0,0
3910.0,2025-02,1,0.0,0.0,0.0,0.0,0,0,1
3910.0,2025-04,1,1.0,0.0,0.0,0.0,0,0,1
3910.0,2025-05,2,1.0,4.0,0.0,0.0,1,0,1
3910.0,2025-07,1,2.0,4.0,0.0,0.0,1,0,1
3910.0,2025-09,1,1.0,4.0,0.0,0.0,1,0,1
3910.0,2025-10,1,1.0,3.0,7.0,0.0,1,1,1
3910.0,2025-12,1,1.0,3.0,7.0,0.0,1,1,0
3911.0,2025-04,1,0.0,0.0,0.0,0.0,0,0,1
3911.0,2025-05,2,1.0,0.0,0.0,0.0,0,0,1
3911.0,2025-06,1,2.0,4.0,0.0,0.0,1,0,1
3911.0,2025-10,1,1.0,4.0,0.0,0.0,1,0,0
3912.0,2025-04,1,0.0,0.0,0.0,0.0,0,0,1
3912.0,2025-06,2,1.0,0.0,0.0,0.0,0,0,1
3912.0,2025-08,5,2.0,8.0,0.0,0.0,1,0,1
3912.0,2025-10,1,5.0,8.0,0.0,0.0,1,0,1
3912.0,2025-12,1,1.0,7.0,0.0,0.0,1,0,0
3913.0,2025-03,1,0.0,0.0,0.0,0.0,0,0,1
3913.0,2025-04,1,1.0,0.0,0.0,0.0,0,0,1
3913.0,2025-10,1,1.0,3.0,0.0,0.0,1,0,1
3913.0,2026-01,1,1.0,3.0,0.0,0.0,1,0,0
3914.0,2025-02,1,0.0,0.0,0.0,0.0,0,0,1
3914.0,2025-07,1,1.0,0.0,0.0,0.0,0,0,1
3914.0,2025-08,2,1.0,4.0,0.0,0.0,1,0,0
3917.0,2025-04,1,0.0,0.0,0.0,0.0,0,0,1
3917.0,2025-07,2,1.0,0.0,0.0,0.0,0,0,1
3917.0,2025-11,2,2.0,5.0,0.0,0.0,1,0,1
3917.0,2026-01,2,2.0,6.0,0.0,0.0,1,0,0
3918.0,2025-06,1,0.0,0.0,0.0,0.0,0,0,1
3918.0,2025-10,1,1.0,0.0,0.0,0.0,0,0,0
3919.0,2025-04,2,0.0,0.0,0.0,0.0,0,0,1
3919.0,2025-05,1,2.0,0.0,0.0,0.0,0,0,1
3919.0,2025-06,1,1.0,4.0,0.0,0.0,1,0,1
3919.0,2025-07,2,1.0,4.0,0.0,0.0,1,0,1
3919.0,2025-09,1,2.0,4.0,0.0,0.0,1,0,1
3919.0,2025-10,1,1.0,4.0,8.0,0.0,1,1,0
3924.0,2025-10,1,0.0,0.0,0.0,0.0,0,0,0
3925.0,2025-08,2,0.0,0.0,0.0,0.0,0,0,0
3926.0,2025-10,1,0.0,0.0,0.0,0.0,0,0,0
3927.0,2025-04,1,0.0,0.0,0.0,0.0,0,0,0
3930.0,2025-05,1,0.0,0.0,0.0,0.0,0,0,0
3931.0,2025-08,1,0.0,0.0,0.0,0.0,0,0,0
3933.0,2025-04,1,0.0,0.0,0.0,0.0,0,0,0
3934.0,2025-03,2,0.0,0.0,0.0,0.0,0,0,0
3976.0,2025-09,1,0.0,0.0,0.0,0.0,0,0,0
3978.0,2025-02,1,0.0,0.0,0.0,0.0,0,0,0
3982.0,2025-03,1,0.0,0.0,0.0,0.0,0,0,1
3982.0,2025-09,1,1.0,0.0,0.0,0.0,0,0,0
3983.0,2025-09,1,0.0,0.0,0.0,0.0,0,0,0
3984.0,2025-02,1,0.0,0.0,0.0,0.0,0,0,1
3984.0,2025-04,1,1.0,0.0,0.0,0.0,0,0,1
3984.0,2025-05,3,1.0,5.0,0.0,0.0,1,0,1
3984.0,2025-06,6,3.0,10.0,0.0,0.0,1,0,1
3984.0,2025-07,3,6.0,12.0,0.0,0.0,1,0,1
3984.0,2025-09,1,3.0,10.0,15.0,0.0,1,1,0
3985.0,2025-08,1,0.0,0.0,0.0,0.0,0,0,0
3986.0,2025-02,1,0.0,0.0,0.0,0.0,0,0,1
3986.0,2025-06,1,1.0,0.0,0.0,0.0,0,0,1
3986.0,2025-08,1,1.0,3.0,0.0,0.0,1,0,1
3986.0,2025-10,1,1.0,3.0,0.0,0.0,1,0,0
3989.0,2025-05,1,0.0,0.0,0.0,0.0,0,0,1
3989.0,2025-06,1,1.0,0.0,0.0,0.0,0,0,0
3990.0,2025-06,1,0.0,0.0,0.0,0.0,0,0,1
3990.0,2025-07,1,1.0,0.0,0.0,0.0,0,0,1
3990.0,2025-08,1,1.0,3.0,0.0,0.0,1,0,1
3990.0,2025-09,1,1.0,3.0,0.0,0.0,1,0,0
3991.0,2025-02,1,0.0,0.0,0.0,0.0,0,0,1
3991.0,2025-12,1,1.0,0.0,0.0,0.0,0,0,0
3997.0,2025-02,1,0.0,0.0,0.0,0.0,0,0,1
3997.0,2025-07,1,1.0,0.0,0.0,0.0,0,0,1
3997.0,2025-10,1,1.0,3.0,0.0,0.0,1,0,0
3998.0,2025-03,3,0.0,0.0,0.0,0.0,0,0,1
3998.0,2025-07,3,3.0,0.0,0.0,0.0,0,0,1
3998.0,2025-08,2,3.0,8.0,0.0,0.0,1,0,1
3998.0,2025-10,1,2.0,6.0,0.0,0.0,1,0,1
3998.0,2025-11,2,1.0,5.0,0.0,0.0,1,0,1
3998.0,2025-12,2,2.0,5.0,13.0,0.0,1,1,0
3999.0,2025-02,2,0.0,0.0,0.0,0.0,0,0,1
3999.0,2025-10,1,2.0,0.0,0.0,0.0,0,0,1
3999.0,2025-11,1,1.0,4.0,0.0,0.0,1,0,0
4000.0,2025-04,1,0.0,0.0,0.0,0.0,0,0,1
4000.0,2025-08,1,1.0,0.0,0.0,0.0,0,0,1
4000.0,2025-09,2,1.0,4.0,0.0,0.0,1,0,1
4000.0,2025-12,1,2.0,4.0,0.0,0.0,1,0,0
4001.0,2025-03,1,0.0,0.0,0.0,0.0,0,0,1
4001.0,2025-05,1,1.0,0.0,0.0,0.0,0,0,1
4001.0,2025-12,2,1.0,4.0,0.0,0.0,1,0,1
4001.0,2026-01,1,2.0,4.0,0.0,0.0,1,0,0
4002.0,2026-01,1,0.0,0.0,0.0,0.0,0,0,0
4005.0,2025-02,1,0.0,0.0,0.0,0.0,0,0,1
4005.0,2025-03,1,1.0,0.0,0.0,0.0,0,0,1
4005.0,2025-04,2,1.0,4.0,0.0,0.0,1,0,1
4005.0,2025-06,2,2.0,5.0,0.0,0.0,1,0,1
4005.0,2025-07,1,2.0,5.0,0.0,0.0,1,0,1
4005.0,2025-08,2,1.0,5.0,9.0,0.0,1,1,1
4005.0,2025-10,2,2.0,5.0,10.0,0.0,1,1,1
4005.0,2026-01,1,2.0,5.0,10.0,0.0,1,1,0
4006.0,2025-02,1,0.0,0.0,0.0,0.0,0,0,1
4006.0,2025-04,2,1.0,0.0,0.0,0.0,0,0,1
4006.0,2026-01,1,2.0,4.0,0.0,0.0,1,0,0
4007.0,2025-06,1,0.0,0.0,0.0,0.0,0,0,1
4007.0,2025-07,1,1.0,0.0,0.0,0.0,0,0,1
4007.0,2025-11,2,1.0,4.0,0.0,0.0,1,0,1
4007.0,2026-01,1,2.0,4.0,0.0,0.0,1,0,0
4015.0,2025-04,1,0.0,0.0,0.0,0.0,0,0,1
4015.0,2025-08,1,1.0,0.0,0.0,0.0,0,0,0
4016.0,2025-03,1,0.0,0.0,0.0,0.0,0,0,0
4018.0,2025-05,1,0.0,0.0,0.0,0.0,0,0,0
4019.0,2025-03,1,0.0,0.0,0.0,0.0,0,0,1
4019.0,2025-05,1,1.0,0.0,0.0,0.0,0,0,0
4069.0,2025-10,1,0.0,0.0,0.0,0.0,0,0,0
4070.0,2025-04,1,0.0,0.0,0.0,0.0,0,0,1
4070.0,2025-09,2,1.0,0.0,0.0,0.0,0,0,0
4072.0,2025-06,1,0.0,0.0,0.0,0.0,0,0,1
4072.0,2025-07,1,1.0,0.0,0.0,0.0,0,0,1
4072.0,2025-09,1,1.0,3.0,0.0,0.0,1,0,0
4073.0,2025-07,2,0.0,0.0,0.0,0.0,0,0,0
4074.0,2025-02,1,0.0,0.0,0.0,0.0,0,0,1
4074.0,2025-09,1,1.0,0.0,0.0,0.0,0,0,1
4074.0,2025-12,1,1.0,3.0,0.0,0.0,1,0,0
4075.0,2025-05,1,0.0,0.0,0.0,0.0,0,0,0
4077.0,2025-10,1,0.0,0.0,0.0,0.0,0,0,0
4079.0,2025-05,1,0.0,0.0,0.0,0.0,0,0,1
4079.0,2025-08,1,1.0,0.0,0.0,0.0,0,0,1
4079.0,2025-12,3,1.0,5.0,0.0,0.0,1,0,0
4081.0,2025-03,1,0.0,0.0,0.0,0.0,0,0,0
4082.0,2025-07,1,0.0,0.0,0.0,0.0,0,0,0
4083.0,2025-05,3,0.0,0.0,0.0,0.0,0,0,1
4083.0,2025-09,2,3.0,0.0,0.0,0.0,0,0,1
4083.0,2026-01,1,2.0,6.0,0.0,0.0,1,0,0
4084.0,2026-01,1,0.0,0.0,0.0,0.0,0,0,0
4085.0,2025-07,1,0.0,0.0,0.0,0.0,0,0,0
4086.0,2025-05,1,0.0,0.0,0.0,0.0,0,0,0
4087.0,2025-06,1,0.0,0.0,0.0,0.0,0,0,1
4087.0,2025-11,1,1.0,0.0,0.0,0.0,0,0,0
4088.0,2025-04,1,0.0,0.0,0.0,0.0,0,0,1
4088.0,2025-05,1,1.0,0.0,0.0,0.0,0,0,1
4088.0,2026-01,1,1.0,3.0,0.0,0.0,1,0,0
4089.0,2025-08,1,0.0,0.0,0.0,0.0,0,0,0
4090.0,2025-03,3,0.0,0.0,0.0,0.0,0,0,1
4090.0,2025-04,1,3.0,0.0,0.0,0.0,0,0,1
4090.0,2025-05,1,1.0,5.0,0.0,0.0,1,0,1
4090.0,2025-06,1,1.0,3.0,0.0,0.0,1,0,0
4091.0,2025-03,1,0.0,0.0,0.0,0.0,0,0,1
4091.0,2025-06,1,1.0,0.0,0.0,0.0,0,0,1
4091.0,2025-08,5,1.0,7.0,0.0,0.0,1,0,0
4092.0,2025-03,1,0.0,0.0,0.0,0.0,0,0,1
4092.0,2025-04,2,1.0,0.0,0.0,0.0,0,0,1
4092.0,2025-08,2,2.0,5.0,0.0,0.0,1,0,0
4093.0,2025-02,1,0.0,0.0,0.0,0.0,0,0,1
4093.0,2025-05,1,1.0,0.0,0.0,0.0,0,0,1
4093.0,2025-07,1,1.0,3.0,0.0,0.0,1,0,0
4094.0,2025-04,3,0.0,0.0,0.0,0.0,0,0,1
4094.0,2025-07,1,3.0,0.0,0.0,0.0,0,0,1
4094.0,2025-08,1,1.0,5.0,0.0,0.0,1,0,0
4095.0,2025-05,1,0.0,0.0,0.0,0.0,0,0,1
4095.0,2025-12,1,1.0,0.0,0.0,0.0,0,0,0
4097.0,2025-03,1,0.0,0.0,0.0,0.0,0,0,0
4100.0,2025-10,1,0.0,0.0,0.0,0.0,0,0,0
4104.0,2025-07,1,0.0,0.0,0.0,0.0,0,0,1
4104.0,2025-08,1,1.0,0.0,0.0,0.0,0,0,0
4105.0,2025-02,1,0.0,0.0,0.0,0.0,0,0,0
4106.0,2025-06,1,0.0,0.0,0.0,0.0,0,0,1
4106.0,2025-09,1,1.0,0.0,0.0,0.0,0,0,0
4155.0,2025-02,1,0.0,0.0,0.0,0.0,0,0,1
4155.0,2025-11,1,1.0,0.0,0.0,0.0,0,0,0
4156.0,2025-05,1,0.0,0.0,0.0,0.0,0,0,1
4156.0,2025-07,1,1.0,0.0,0.0,0.0,0,0,0
4157.0,2025-08,1,0.0,0.0,0.0,0.0,0,0,0
4159.0,2025-06,1,0.0,0.0,0.0,0.0,0,0,0
4161.0,2025-11,1,0.0,0.0,0.0,0.0,0,0,0
4162.0,2025-02,1,0.0,0.0,0.0,0.0,0,0,1
4162.0,2025-05,1,1.0,0.0,0.0,0.0,0,0,0
4163.0,2025-09,1,0.0,0.0,0.0,0.0,0,0,0
4165.0,2025-07,1,0.0,0.0,0.0,0.0,0,0,0
4168.0,2025-07,1,0.0,0.0,0.0,0.0,0,0,0
4169.0,2025-03,1,0.0,0.0,0.0,0.0,0,0,1
4169.0,2025-05,2,1.0,0.0,0.0,0.0,0,0,0
4170.0,2025-02,1,0.0,0.0,0.0,0.0,0,0,1
4170.0,2025-07,1,1.0,0.0,0.0,0.0,0,0,0
4171.0,2025-03,1,0.0,0.0,0.0,0.0,0,0,1
4171.0,2025-07,2,1.0,0.0,0.0,0.0,0,0,1
4171.0,2025-08,1,2.0,4.0,0.0,0.0,1,0,1
4171.0,2025-09,1,1.0,4.0,0.0,0.0,1,0,0
4172.0,2025-10,1,0.0,0.0,0.0,0.0,0,0,1
4172.0,2026-01,1,1.0,0.0,0.0,0.0,0,0,0
4174.0,2025-05,2,0.0,0.0,0.0,0.0,0,0,1
4174.0,2025-12,1,2.0,0.0,0.0,0.0,0,0,0
4175.0,2025-10,1,0.0,0.0,0.0,0.0,0,0,0
4177.0,2025-04,1,0.0,0.0,0.0,0.0,0,0,0
4178.0,2025-02,1,0.0,0.0,0.0,0.0,0,0,1
4178.0,2025-04,1,1.0,0.0,0.0,0.0,0,0,1
4178.0,2025-06,1,1.0,3.0,0.0,0.0,1,0,1
4178.0,2025-08,1,1.0,3.0,0.0,0.0,1,0,1
4178.0,2025-10,1,1.0,3.0,0.0,0.0,1,0,0
4179.0,2025-04,1,0.0,0.0,0.0,0.0,0,0,1
4179.0,2025-06,1,1.0,0.0,0.0,0.0,0,0,1
4179.0,2026-01,2,1.0,4.0,0.0,0.0,1,0,0
4180.0,2025-02,1,0.0,0.0,0.0,0.0,0,0,1
4180.0,2025-04,3,1.0,0.0,0.0,0.0,0,0,1
4180.0,2025-05,1,3.0,5.0,0.0,0.0,1,0,1
4180.0,2025-08,1,1.0,5.0,0.0,0.0,1,0,0
4181.0,2025-04,1,0.0,0.0,0.0,0.0,0,0,1
4181.0,2025-05,2,1.0,0.0,0.0,0.0,0,0,1
4181.0,2025-06,2,2.0,5.0,0.0,0.0,1,0,1
4181.0,2025-08,4,2.0,8.0,0.0,0.0,1,0,1
4181.0,2025-11,1,4.0,7.0,0.0,0.0,1,0,1
4181.0,2025-12,1,1.0,6.0,11.0,0.0,1,1,0
4182.0,2025-06,1,0.0,0.0,0.0,0.0,0,0,1
4182.0,2025-08,1,1.0,0.0,0.0,0.0,0,0,0
4183.0,2025-06,1,0.0,0.0,0.0,0.0,0,0,1
4183.0,2025-07,1,1.0,0.0,0.0,0.0,0,0,1
4183.0,2025-09,2,1.0,4.0,0.0,0.0,1,0,1
4183.0,2025-10,1,2.0,4.0,0.0,0.0,1,0,0
4185.0,2025-04,1,0.0,0.0,0.0,0.0,0,0,0
4188.0,2025-04,1,0.0,0.0,0.0,0.0,0,0,0
4189.0,2025-06,1,0.0,0.0,0.0,0.0,0,0,0
4192.0,2025-05,1,0.0,0.0,0.0,0.0,0,0,0
4194.0,2025-10,2,0.0,0.0,0.0,0.0,0,0,0
4238.0,2025-04,1,0.0,0.0,0.0,0.0,0,0,1
4238.0,2026-01,1,1.0,0.0,0.0,0.0,0,0,0
4239.0,2025-07,1,0.0,0.0,0.0,0.0,0,0,0
4240.0,2025-07,1,0.0,0.0,0.0,0.0,0,0,0
4241.0,2025-03,1,0.0,0.0,0.0,0.0,0,0,1
4241.0,2025-07,1,1.0,0.0,0.0,0.0,0,0,1
4241.0,2025-09,1,1.0,3.0,0.0,0.0,1,0,0
4242.0,2025-08,1,0.0,0.0,0.0,0.0,0,0,0
4243.0,2025-07,2,0.0,0.0,0.0,0.0,0,0,1
4243.0,2025-10,1,2.0,0.0,0.0,0.0,0,0,1
4243.0,2025-12,1,1.0,4.0,0.0,0.0,1,0,1
4243.0,2026-01,1,1.0,3.0,0.0,0.0,1,0,0
4244.0,2025-05,1,0.0,0.0,0.0,0.0,0,0,1
4244.0,2025-09,1,1.0,0.0,0.0,0.0,0,0,0
4245.0,2025-05,1,0.0,0.0,0.0,0.0,0,0,0
4246.0,2025-02,2,0.0,0.0,0.0,0.0,0,0,1
4246.0,2025-06,1,2.0,0.0,0.0,0.0,0,0,1
4246.0,2026-01,2,1.0,5.0,0.0,0.0,1,0,0
4247.0,2025-03,1,0.0,0.0,0.0,0.0,0,0,1
4247.0,2025-10,1,1.0,0.0,0.0,0.0,0,0,0
4248.0,2025-05,1,0.0,0.0,0.0,0.0,0,0,1
4248.0,2025-10,1,1.0,0.0,0.0,0.0,0,0,0
4250.0,2025-05,1,0.0,0.0,0.0,0.0,0,0,0
4251.0,2025-06,3,0.0,0.0,0.0,0.0,0,0,1
4251.0,2025-09,1,3.0,0.0,0.0,0.0,0,0,0
4252.0,2025-05,1,0.0,0.0,0.0,0.0,0,0,0
4253.0,2025-06,1,0.0,0.0,0.0,0.0,0,0,1
4253.0,2025-12,1,1.0,0.0,0.0,0.0,0,0,0
4256.0,2025-04,2,0.0,0.0,0.0,0.0,0,0,0
4257.0,2025-03,2,0.0,0.0,0.0,0.0,0,0,1
4257.0,2025-05,1,2.0,0.0,0.0,0.0,0,0,1
4257.0,2025-06,2,1.0,5.0,0.0,0.0,1,0,0
4258.0,2025-06,1,0.0,0.0,0.0,0.0,0,0,1
4258.0,2025-07,1,1.0,0.0,0.0,0.0,0,0,0
4259.0,2025-02,2,0.0,0.0,0.0,0.0,0,0,1
4259.0,2025-04,1,2.0,0.0,0.0,0.0,0,0,0
4261.0,2025-02,1,0.0,0.0,0.0,0.0,0,0,1
4261.0,2025-03,1,1.0,0.0,0.0,0.0,0,0,1
4261.0,2025-04,1,1.0,3.0,0.0,0.0,1,0,1
4261.0,2025-06,1,1.0,3.0,0.0,0.0,1,0,1
4261.0,2025-07,1,1.0,3.0,0.0,0.0,1,0,1
4261.0,2026-01,1,1.0,3.0,6.0,0.0,1,1,0
4262.0,2025-02,1,0.0,0.0,0.0,0.0,0,0,0
4263.0,2025-04,2,0.0,0.0,0.0,0.0,0,0,1
4263.0,2025-05,1,2.0,0.0,0.0,0.0,0,0,1
4263.0,2025-06,1,1.0,4.0,0.0,0.0,1,0,1
4263.0,2025-07,1,1.0,3.0,0.0,0.0,1,0,1
4263.0,2025-09,1,1.0,3.0,0.0,0.0,1,0,0
4264.0,2025-06,1,0.0,0.0,0.0,0.0,0,0,1
4264.0,2025-10,1,1.0,0.0,0.0,0.0,0,0,0
4265.0,2025-02,1,0.0,0.0,0.0,0.0,0,0,1
4265.0,2025-03,1,1.0,0.0,0.0,0.0,0,0,1
4265.0,2025-07,1,1.0,3.0,0.0,0.0,1,0,1
4265.0,2025-08,1,1.0,3.0,0.0,0.0,1,0,1
4265.0,2026-01,1,1.0,3.0,0.0,0.0,1,0,0
4266.0,2025-04,1,0.0,0.0,0.0,0.0,0,0,1
4266.0,2025-06,1,1.0,0.0,0.0,0.0,0,0,1
4266.0,2025-07,1,1.0,3.0,0.0,0.0,1,0,1
4266.0,2025-08,2,1.0,4.0,0.0,0.0,1,0,1
4266.0,2025-10,1,2.0,4.0,0.0,0.0,1,0,0
4267.0,2025-03,1,0.0,0.0,0.0,0.0,0,0,1
4267.0,2025-04,1,1.0,0.0,0.0,0.0,0,0,0
4268.0,2025-04,1,0.0,0.0,0.0,0.0,0,0,1
4268.0,2025-05,1,1.0,0.0,0.0,0.0,0,0,1
4268.0,2025-06,2,1.0,4.0,0.0,0.0,1,0,1
4268.0,2025-08,1,2.0,4.0,0.0,0.0,1,0,1
4268.0,2025-09,1,1.0,4.0,0.0,0.0,1,0,1
4268.0,2025-11,2,1.0,4.0,8.0,0.0,1,1,0
4269.0,2025-03,3,0.0,0.0,0.0,0.0,0,0,1
4269.0,2025-04,1,3.0,0.0,0.0,0.0,0,0,1
4269.0,2025-06,1,1.0,5.0,0.0,0.0,1,0,1
4269.0,2025-07,1,1.0,3.0,0.0,0.0,1,0,1
4269.0,2025-09,1,1.0,3.0,0.0,0.0,1,0,1
4269.0,2025-10,1,1.0,3.0,8.0,0.0,1,1,1
4269.0,2026-01,1,1.0,3.0,6.0,0.0,1,1,0
4270.0,2025-04,2,0.0,0.0,0.0,0.0,0,0,1
4270.0,2025-05,1,2.0,0.0,0.0,0.0,0,0,1
4270.0,2026-01,1,1.0,4.0,0.0,0.0,1,0,0
4271.0,2025-04,1,0.0,0.0,0.0,0.0,0,0,1
4271.0,2025-05,2,1.0,0.0,0.0,0.0,0,0,1
4271.0,2025-06,1,2.0,4.0,0.0,0.0,1,0,0
4272.0,2025-06,1,0.0,0.0,0.0,0.0,0,0,0
4273.0,2025-07,2,0.0,0.0,0.0,0.0,0,0,1
4273.0,2025-08,1,2.0,0.0,0.0,0.0,0,0,1
4273.0,2025-09,1,1.0,4.0,0.0,0.0,1,0,1
4273.0,2025-12,1,1.0,3.0,0.0,0.0,1,0,0
4274.0,2025-03,1,0.0,0.0,0.0,0.0,0,0,1
4274.0,2025-05,2,1.0,0.0,0.0,0.0,0,0,1
4274.0,2025-06,1,2.0,4.0,0.0,0.0,1,0,1
4274.0,2025-07,1,1.0,4.0,0.0,0.0,1,0,1
4274.0,2025-10,1,1.0,3.0,0.0,0.0,1,0,1
4274.0,2026-01,2,1.0,4.0,8.0,0.0,1,1,0
4275.0,2025-11,1,0.0,0.0,0.0,0.0,0,0,0
4277.0,2025-04,1,0.0,0.0,0.0,0.0,0,0,1
4277.0,2025-06,1,1.0,0.0,0.0,0.0,0,0,1
4277.0,2025-10,1,1.0,3.0,0.0,0.0,1,0,1
4277.0,2025-11,1,1.0,3.0,0.0,0.0,1,0,1
4277.0,2026-01,1,1.0,3.0,0.0,0.0,1,0,0
4278.0,2025-04,1,0.0,0.0,0.0,0.0,0,0,1
4278.0,2025-06,3,1.0,0.0,0.0,0.0,0,0,1
4278.0,2025-09,1,3.0,5.0,0.0,0.0,1,0,0
4286.0,2025-08,2,0.0,0.0,0.0,0.0,0,0,0
4287.0,2025-06,1,0.0,0.0,0.0,0.0,0,0,0
4288.0,2025-10,2,0.0,0.0,0.0,0.0,0,0,0
4329.0,2025-12,1,0.0,0.0,0.0,0.0,0,0,0
4331.0,2025-02,1,0.0,0.0,0.0,0.0,0,0,1
4331.0,2025-05,1,1.0,0.0,0.0,0.0,0,0,0
4335.0,2025-04,1,0.0,0.0,0.0,0.0,0,0,1
4335.0,2025-07,1,1.0,0.0,0.0,0.0,0,0,1
4335.0,2025-12,1,1.0,3.0,0.0,0.0,1,0,0
4336.0,2025-06,2,0.0,0.0,0.0,0.0,0,0,0
4337.0,2025-05,1,0.0,0.0,0.0,0.0,0,0,1
4337.0,2025-08,1,1.0,0.0,0.0,0.0,0,0,0
4339.0,2025-10,1,0.0,0.0,0.0,0.0,0,0,0
4340.0,2025-07,1,0.0,0.0,0.0,0.0,0,0,1
4340.0,2025-09,2,1.0,0.0,0.0,0.0,0,0,0
4347.0,2025-04,1,0.0,0.0,0.0,0.0,0,0,1
4347.0,2025-05,1,1.0,0.0,0.0,0.0,0,0,1
4347.0,2025-12,1,1.0,3.0,0.0,0.0,1,0,0
4350.0,2025-04,1,0.0,0.0,0.0,0.0,0,0,1
4350.0,2025-08,1,1.0,0.0,0.0,0.0,0,0,0
4351.0,2025-03,1,0.0,0.0,0.0,0.0,0,0,1
4351.0,2025-06,1,1.0,0.0,0.0,0.0,0,0,0
4352.0,2025-03,1,0.0,0.0,0.0,0.0,0,0,1
4352.0,2026-01,1,1.0,0.0,0.0,0.0,0,0,0
4353.0,2025-03,1,0.0,0.0,0.0,0.0,0,0,0
4354.0,2025-05,1,0.0,0.0,0.0,0.0,0,0,1
4354.0,2025-10,1,1.0,0.0,0.0,0.0,0,0,0
4355.0,2025-09,1,0.0,0.0,0.0,0.0,0,0,1
4355.0,2025-12,1,1.0,0.0,0.0,0.0,0,0,0
4356.0,2025-04,1,0.0,0.0,0.0,0.0,0,0,1
4356.0,2025-05,1,1.0,0.0,0.0,0.0,0,0,1
4356.0,2026-01,2,1.0,4.0,0.0,0.0,1,0,0
4357.0,2025-03,1,0.0,0.0,0.0,0.0,0,0,1
4357.0,2025-04,2,1.0,0.0,0.0,0.0,0,0,1
4357.0,2025-05,1,2.0,4.0,0.0,0.0,1,0,1
4357.0,2026-01,2,1.0,5.0,0.0,0.0,1,0,0
4358.0,2025-05,1,0.0,0.0,0.0,0.0,0,0,1
4358.0,2025-06,2,1.0,0.0,0.0,0.0,0,0,0
4359.0,2025-07,1,0.0,0.0,0.0,0.0,0,0,0
4360.0,2025-08,1,0.0,0.0,0.0,0.0,0,0,1
4360.0,2026-01,1,1.0,0.0,0.0,0.0,0,0,0
4362.0,2025-05,1,0.0,0.0,0.0,0.0,0,0,1
4362.0,2025-07,2,1.0,0.0,0.0,0.0,0,0,0
4363.0,2025-05,1,0.0,0.0,0.0,0.0,0,0,1
4363.0,2025-07,1,1.0,0.0,0.0,0.0,0,0,1
4363.0,2025-09,1,1.0,3.0,0.0,0.0,1,0,1
4363.0,2025-10,1,1.0,3.0,0.0,0.0,1,0,0
4364.0,2025-07,5,0.0,0.0,0.0,0.0,0,0,0
4365.0,2025-03,1,0.0,0.0,0.0,0.0,0,0,1
4365.0,2025-07,2,1.0,0.0,0.0,0.0,0,0,0
4366.0,2025-12,1,0.0,0.0,0.0,0.0,0,0,0
4374.0,2025-03,1,0.0,0.0,0.0,0.0,0,0,0
4376.0,2025-07,1,0.0,0.0,0.0,0.0,0,0,0
4414.0,2025-02,2,0.0,0.0,0.0,0.0,0,0,1
4414.0,2025-04,1,2.0,0.0,0.0,0.0,0,0,0
4417.0,2025-04,1,0.0,0.0,0.0,0.0,0,0,1
4417.0,2025-08,1,1.0,0.0,0.0,0.0,0,0,1
4417.0,2025-10,1,1.0,3.0,0.0,0.0,1,0,1
4417.0,2025-12,1,1.0,3.0,0.0,0.0,1,0,1
4417.0,2026-01,1,1.0,3.0,0.0,0.0,1,0,0
4418.0,2025-08,1,0.0,0.0,0.0,0.0,0,0,0
4419.0,2025-02,1,0.0,0.0,0.0,0.0,0,0,1
4419.0,2025-03,1,1.0,0.0,0.0,0.0,0,0,1
4419.0,2025-05,1,1.0,3.0,0.0,0.0,1,0,0
4423.0,2025-03,1,0.0,0.0,0.0,0.0,0,0,1
4423.0,2025-05,1,1.0,0.0,0.0,0.0,0,0,0
4424.0,2025-09,2,0.0,0.0,0.0,0.0,0,0,0
4426.0,2025-11,1,0.0,0.0,0.0,0.0,0,0,0
4427.0,2025-04,2,0.0,0.0,0.0,0.0,0,0,1
4427.0,2025-06,5,2.0,0.0,0.0,0.0,0,0,1
4427.0,2025-09,1,5.0,8.0,0.0,0.0,1,0,0
4428.0,2025-03,1,0.0,0.0,0.0,0.0,0,0,1
4428.0,2025-09,1,1.0,0.0,0.0,0.0,0,0,0
4429.0,2025-09,3,0.0,0.0,0.0,0.0,0,0,0
4430.0,2025-06,1,0.0,0.0,0.0,0.0,0,0,1
4430.0,2025-12,1,1.0,0.0,0.0,0.0,0,0,0
4435.0,2025-05,1,0.0,0.0,0.0,0.0,0,0,0
4438.0,2025-08,1,0.0,0.0,0.0,0.0,0,0,0
4439.0,2025-02,1,0.0,0.0,0.0,0.0,0,0,0
4440.0,2025-05,1,0.0,0.0,0.0,0.0,0,0,1
4440.0,2025-07,1,1.0,0.0,0.0,0.0,0,0,0
4441.0,2025-06,1,0.0,0.0,0.0,0.0,0,0,0
4442.0,2025-02,2,0.0,0.0,0.0,0.0,0,0,1
4442.0,2025-05,1,2.0,0.0,0.0,0.0,0,0,1
4442.0,2025-07,1,1.0,4.0,0.0,0.0,1,0,1
4442.0,2025-11,1,1.0,3.0,0.0,0.0,1,0,0
4443.0,2025-11,1,0.0,0.0,0.0,0.0,0,0,0
4444.0,2026-01,1,0.0,0.0,0.0,0.0,0,0,0
4445.0,2025-05,1,0.0,0.0,0.0,0.0,0,0,1
4445.0,2025-07,1,1.0,0.0,0.0,0.0,0,0,1
4445.0,2025-08,1,1.0,3.0,0.0,0.0,1,0,0
4446.0,2025-11,1,0.0,0.0,0.0,0.0,0,0,1
4446.0,2025-12,1,1.0,0.0,0.0,0.0,0,0,0
4447.0,2025-03,1,0.0,0.0,0.0,0.0,0,0,1
4447.0,2025-08,1,1.0,0.0,0.0,0.0,0,0,1
4447.0,2025-09,1,1.0,3.0,0.0,0.0,1,0,0
4448.0,2025-03,1,0.0,0.0,0.0,0.0,0,0,0
4449.0,2025-06,1,0.0,0.0,0.0,0.0,0,0,0
4450.0,2025-07,1,0.0,0.0,0.0,0.0,0,0,1
4450.0,2025-11,1,1.0,0.0,0.0,0.0,0,0,1
4450.0,2025-12,1,1.0,3.0,0.0,0.0,1,0,1
4450.0,2026-01,1,1.0,3.0,0.0,0.0,1,0,0
4452.0,2025-08,2,0.0,0.0,0.0,0.0,0,0,1
4452.0,2025-11,1,2.0,0.0,0.0,0.0,0,0,1
4452.0,2026-01,1,1.0,4.0,0.0,0.0,1,0,0
4453.0,2025-07,1,0.0,0.0,0.0,0.0,0,0,0
4454.0,2025-06,1,0.0,0.0,0.0,0.0,0,0,0
4455.0,2025-07,1,0.0,0.0,0.0,0.0,0,0,0
4456.0,2025-08,1,0.0,0.0,0.0,0.0,0,0,0
4502.0,2025-08,1,0.0,0.0,0.0,0.0,0,0,0
4507.0,2025-02,1,0.0,0.0,0.0,0.0,0,0,1
4507.0,2025-04,1,1.0,0.0,0.0,0.0,0,0,1
4507.0,2025-05,1,1.0,3.0,0.0,0.0,1,0,0
4509.0,2026-01,1,0.0,0.0,0.0,0.0,0,0,0
4515.0,2025-05,1,0.0,0.0,0.0,0.0,0,0,0
4516.0,2025-07,1,0.0,0.0,0.0,0.0,0,0,0
4520.0,2025-07,1,0.0,0.0,0.0,0.0,0,0,0
4526.0,2025-09,1,0.0,0.0,0.0,0.0,0,0,1
4526.0,2026-01,1,1.0,0.0,0.0,0.0,0,0,0
4528.0,2025-09,1,0.0,0.0,0.0,0.0,0,0,1
4528.0,2026-02,1,1.0,0.0,0.0,0.0,0,0,0
4530.0,2025-03,2,0.0,0.0,0.0,0.0,0,0,0
4533.0,2025-07,3,0.0,0.0,0.0,0.0,0,0,1
4533.0,2026-01,1,3.0,0.0,0.0,0.0,0,0,0
4534.0,2025-04,1,0.0,0.0,0.0,0.0,0,0,1
4534.0,2025-07,1,1.0,0.0,0.0,0.0,0,0,0
4535.0,2025-05,1,0.0,0.0,0.0,0.0,0,0,1
4535.0,2025-09,2,1.0,0.0,0.0,0.0,0,0,1
4535.0,2025-10,1,2.0,4.0,0.0,0.0,1,0,0
4536.0,2025-04,2,0.0,0.0,0.0,0.0,0,0,0
4537.0,2025-11,1,0.0,0.0,0.0,0.0,0,0,0
4538.0,2025-05,2,0.0,0.0,0.0,0.0,0,0,1
4538.0,2025-10,2,2.0,0.0,0.0,0.0,0,0,0
4541.0,2025-05,1,0.0,0.0,0.0,0.0,0,0,1
4541.0,2026-01,1,1.0,0.0,0.0,0.0,0,0,0
4542.0,2025-02,1,0.0,0.0,0.0,0.0,0,0,1
4542.0,2025-05,3,1.0,0.0,0.0,0.0,0,0,1
4542.0,2025-06,3,3.0,7.0,0.0,0.0,1,0,1
4542.0,2025-07,2,3.0,8.0,0.0,0.0,1,0,1
4542.0,2025-11,1,2.0,6.0,0.0,0.0,1,0,0
4543.0,2025-06,1,0.0,0.0,0.0,0.0,0,0,0
4551.0,2025-03,1,0.0,0.0,0.0,0.0,0,0,1
4551.0,2025-07,1,1.0,0.0,0.0,0.0,0,0,0
4587.0,2025-07,1,0.0,0.0,0.0,0.0,0,0,0
4593.0,2025-04,1,0.0,0.0,0.0,0.0,0,0,1
4593.0,2025-05,1,1.0,0.0,0.0,0.0,0,0,0
4594.0,2025-02,1,0.0,0.0,0.0,0.0,0,0,1
4594.0,2025-08,1,1.0,0.0,0.0,0.0,0,0,1
4594.0,2025-09,1,1.0,3.0,0.0,0.0,1,0,1
4594.0,2025-10,2,1.0,4.0,0.0,0.0,1,0,1
4594.0,2025-12,1,2.0,4.0,0.0,0.0,1,0,0
4596.0,2025-03,1,0.0,0.0,0.0,0.0,0,0,1
4596.0,2025-06,2,1.0,0.0,0.0,0.0,0,0,0
4598.0,2025-10,1,0.0,0.0,0.0,0.0,0,0,0
4599.0,2025-02,2,0.0,0.0,0.0,0.0,0,0,1
4599.0,2025-03,1,2.0,0.0,0.0,0.0,0,0,1
4599.0,2025-07,1,1.0,4.0,0.0,0.0,1,0,1
4599.0,2025-10,1,1.0,3.0,0.0,0.0,1,0,0
4602.0,2026-01,1,0.0,0.0,0.0,0.0,0,0,0
4606.0,2025-12,1,0.0,0.0,0.0,0.0,0,0,0
4610.0,2025-08,1,0.0,0.0,0.0,0.0,0,0,0
4611.0,2025-07,1,0.0,0.0,0.0,0.0,0,0,0
4616.0,2025-07,1,0.0,0.0,0.0,0.0,0,0,0
4618.0,2025-02,1,0.0,0.0,0.0,0.0,0,0,1
4618.0,2025-07,1,1.0,0.0,0.0,0.0,0,0,0
4619.0,2025-02,1,0.0,0.0,0.0,0.0,0,0,1
4619.0,2025-04,1,1.0,0.0,0.0,0.0,0,0,1
4619.0,2025-05,1,1.0,3.0,0.0,0.0,1,0,1
4619.0,2025-08,1,1.0,3.0,0.0,0.0,1,0,0
4620.0,2025-06,1,0.0,0.0,0.0,0.0,0,0,0
4621.0,2025-03,2,0.0,0.0,0.0,0.0,0,0,1
4621.0,2025-07,2,2.0,0.0,0.0,0.0,0,0,1
4621.0,2025-09,1,2.0,5.0,0.0,0.0,1,0,0
4622.0,2025-04,2,0.0,0.0,0.0,0.0,0,0,1
4622.0,2025-05,1,2.0,0.0,0.0,0.0,0,0,1
4622.0,2025-06,1,1.0,4.0,0.0,0.0,1,0,1
4622.0,2025-07,1,1.0,3.0,0.0,0.0,1,0,1
4622.0,2025-10,1,1.0,3.0,0.0,0.0,1,0,0
4623.0,2025-02,1,0.0,0.0,0.0,0.0,0,0,1
4623.0,2025-09,1,1.0,0.0,0.0,0.0,0,0,1
4623.0,2025-10,1,1.0,3.0,0.0,0.0,1,0,1
4623.0,2025-12,1,1.0,3.0,0.0,0.0,1,0,0
4624.0,2025-07,1,0.0,0.0,0.0,0.0,0,0,0
4625.0,2025-08,1,0.0,0.0,0.0,0.0,0,0,0
4626.0,2025-06,1,0.0,0.0,0.0,0.0,0,0,1
4626.0,2025-07,2,1.0,0.0,0.0,0.0,0,0,1
4626.0,2025-09,2,2.0,5.0,0.0,0.0,1,0,1
4626.0,2025-10,1,2.0,5.0,0.0,0.0,1,0,0
4627.0,2025-09,2,0.0,0.0,0.0,0.0,0,0,0
4628.0,2025-06,1,0.0,0.0,0.0,0.0,0,0,0
4631.0,2025-11,1,0.0,0.0,0.0,0.0,0,0,0
4633.0,2025-04,1,0.0,0.0,0.0,0.0,0,0,0
4637.0,2025-06,2,0.0,0.0,0.0,0.0,0,0,0
4676.0,2025-09,1,0.0,0.0,0.0,0.0,0,0,0
4677.0,2026-01,1,0.0,0.0,0.0,0.0,0,0,0
4678.0,2025-06,1,0.0,0.0,0.0,0.0,0,0,1
4678.0,2026-01,2,1.0,0.0,0.0,0.0,0,0,0
4679.0,2025-05,1,0.0,0.0,0.0,0.0,0,0,1
4679.0,2025-07,1,1.0,0.0,0.0,0.0,0,0,0
4683.0,2025-02,2,0.0,0.0,0.0,0.0,0,0,1
4683.0,2025-03,1,2.0,0.0,0.0,0.0,0,0,1
4683.0,2025-04,1,1.0,4.0,0.0,0.0,1,0,1
4683.0,2025-07,3,1.0,5.0,0.0,0.0,1,0,1
4683.0,2025-09,1,3.0,5.0,0.0,0.0,1,0,1
4683.0,2025-10,2,1.0,6.0,10.0,0.0,1,1,1
4683.0,2025-11,1,2.0,4.0,9.0,0.0,1,1,1
4683.0,2026-01,1,1.0,4.0,9.0,0.0,1,1,0
4686.0,2025-05,1,0.0,0.0,0.0,0.0,0,0,1
4686.0,2025-06,2,1.0,0.0,0.0,0.0,0,0,1
4686.0,2025-12,1,2.0,4.0,0.0,0.0,1,0,0
4687.0,2025-02,1,0.0,0.0,0.0,0.0,0,0,1
4687.0,2025-03,1,1.0,0.0,0.0,0.0,0,0,1
4687.0,2025-05,1,1.0,3.0,0.0,0.0,1,0,1
4687.0,2026-01,1,1.0,3.0,0.0,0.0,1,0,0
4689.0,2025-08,1,0.0,0.0,0.0,0.0,0,0,1
4689.0,2025-09,1,1.0,0.0,0.0,0.0,0,0,0
4691.0,2025-12,1,0.0,0.0,0.0,0.0,0,0,0
4693.0,2025-05,1,0.0,0.0,0.0,0.0,0,0,0
4694.0,2025-02,1,0.0,0.0,0.0,0.0,0,0,1
4694.0,2025-05,1,1.0,0.0,0.0,0.0,0,0,1
4694.0,2025-06,1,1.0,3.0,0.0,0.0,1,0,0
4695.0,2025-02,1,0.0,0.0,0.0,0.0,0,0,1
4695.0,2025-07,1,1.0,0.0,0.0,0.0,0,0,0
4699.0,2025-06,1,0.0,0.0,0.0,0.0,0,0,0
4700.0,2025-09,2,0.0,0.0,0.0,0.0,0,0,0
4701.0,2026-01,3,0.0,0.0,0.0,0.0,0,0,0
4706.0,2025-02,2,0.0,0.0,0.0,0.0,0,0,1
4706.0,2025-03,3,2.0,0.0,0.0,0.0,0,0,1
4706.0,2025-04,1,3.0,6.0,0.0,0.0,1,0,1
4706.0,2025-09,1,1.0,5.0,0.0,0.0,1,0,0
4707.0,2025-09,1,0.0,0.0,0.0,0.0,0,0,1
4707.0,2025-12,1,1.0,0.0,0.0,0.0,0,0,0
4708.0,2026-01,1,0.0,0.0,0.0,0.0,0,0,0
4709.0,2025-06,2,0.0,0.0,0.0,0.0,0,0,0
4710.0,2025-03,2,0.0,0.0,0.0,0.0,0,0,1
4710.0,2025-05,3,2.0,0.0,0.0,0.0,0,0,1
4710.0,2025-10,1,3.0,6.0,0.0,0.0,1,0,1
4710.0,2025-12,1,1.0,5.0,0.0,0.0,1,0,0
4711.0,2025-05,1,0.0,0.0,0.0,0.0,0,0,1
4711.0,2025-06,1,1.0,0.0,0.0,0.0,0,0,1
4711.0,2025-07,3,1.0,5.0,0.0,0.0,1,0,0
4714.0,2025-03,1,0.0,0.0,0.0,0.0,0,0,1
4714.0,2025-07,1,1.0,0.0,0.0,0.0,0,0,0
4715.0,2025-06,1,0.0,0.0,0.0,0.0,0,0,1
4715.0,2025-08,1,1.0,0.0,0.0,0.0,0,0,1
4715.0,2025-09,1,1.0,3.0,0.0,0.0,1,0,1
4715.0,2026-01,1,1.0,3.0,0.0,0.0,1,0,0
4719.0,2025-03,1,0.0,0.0,0.0,0.0,0,0,0
4720.0,2025-06,1,0.0,0.0,0.0,0.0,0,0,0
4721.0,2025-07,1,0.0,0.0,0.0,0.0,0,0,0
4722.0,2025-06,1,0.0,0.0,0.0,0.0,0,0,0
4724.0,2025-07,1,0.0,0.0,0.0,0.0,0,0,0
4726.0,2025-07,1,0.0,0.0,0.0,0.0,0,0,0
4763.0,2025-06,1,0.0,0.0,0.0,0.0,0,0,0
4765.0,2025-02,1,0.0,0.0,0.0,0.0,0,0,0
4766.0,2025-02,1,0.0,0.0,0.0,0.0,0,0,1
4766.0,2025-09,1,1.0,0.0,0.0,0.0,0,0,1
4766.0,2025-12,1,1.0,3.0,0.0,0.0,1,0,0
4767.0,2025-05,1,0.0,0.0,0.0,0.0,0,0,0
4770.0,2025-12,1,0.0,0.0,0.0,0.0,0,0,0
4771.0,2025-05,1,0.0,0.0,0.0,0.0,0,0,0
4775.0,2025-04,1,0.0,0.0,0.0,0.0,0,0,0
4777.0,2025-05,1,0.0,0.0,0.0,0.0,0,0,0
4780.0,2025-07,1,0.0,0.0,0.0,0.0,0,0,0
4781.0,2025-05,1,0.0,0.0,0.0,0.0,0,0,0
4782.0,2025-04,1,0.0,0.0,0.0,0.0,0,0,0
4790.0,2025-04,1,0.0,0.0,0.0,0.0,0,0,0
4792.0,2025-03,1,0.0,0.0,0.0,0.0,0,0,0
4794.0,2025-02,1,0.0,0.0,0.0,0.0,0,0,1
4794.0,2025-03,1,1.0,0.0,0.0,0.0,0,0,1
4794.0,2025-10,1,1.0,3.0,0.0,0.0,1,0,0
4795.0,2025-08,1,0.0,0.0,0.0,0.0,0,0,0
4796.0,2025-03,1,0.0,0.0,0.0,0.0,0,0,0
4797.0,2025-11,1,0.0,0.0,0.0,0.0,0,0,0
4798.0,2025-06,1,0.0,0.0,0.0,0.0,0,0,1
4798.0,2025-11,1,1.0,0.0,0.0,0.0,0,0,1
4798.0,2025-12,1,1.0,3.0,0.0,0.0,1,0,0
4799.0,2026-01,1,0.0,0.0,0.0,0.0,0,0,0
4800.0,2025-07,1,0.0,0.0,0.0,0.0,0,0,1
4800.0,2025-08,1,1.0,0.0,0.0,0.0,0,0,0
4801.0,2025-10,1,0.0,0.0,0.0,0.0,0,0,0
4805.0,2025-07,1,0.0,0.0,0.0,0.0,0,0,0
4807.0,2025-09,1,0.0,0.0,0.0,0.0,0,0,0
4814.0,2025-03,2,0.0,0.0,0.0,0.0,0,0,0
4852.0,2025-08,1,0.0,0.0,0.0,0.0,0,0,0
4853.0,2025-03,1,0.0,0.0,0.0,0.0,0,0,1
4853.0,2025-10,2,1.0,0.0,0.0,0.0,0,0,0
4854.0,2025-09,1,0.0,0.0,0.0,0.0,0,0,1
4854.0,2025-10,1,1.0,0.0,0.0,0.0,0,0,0
4859.0,2025-03,1,0.0,0.0,0.0,0.0,0,0,1
4859.0,2025-05,1,1.0,0.0,0.0,0.0,0,0,1
4859.0,2025-07,2,1.0,4.0,0.0,0.0,1,0,0
4860.0,2025-02,2,0.0,0.0,0.0,0.0,0,0,1
4860.0,2025-03,1,2.0,0.0,0.0,0.0,0,0,1
4860.0,2025-04,4,1.0,7.0,0.0,0.0,1,0,1
4860.0,2025-07,1,4.0,6.0,0.0,0.0,1,0,0
4861.0,2025-05,1,0.0,0.0,0.0,0.0,0,0,1
4861.0,2025-09,1,1.0,0.0,0.0,0.0,0,0,1
4861.0,2025-10,1,1.0,3.0,0.0,0.0,1,0,0
4863.0,2025-04,1,0.0,0.0,0.0,0.0,0,0,1
4863.0,2025-05,1,1.0,0.0,0.0,0.0,0,0,0
4865.0,2025-05,1,0.0,0.0,0.0,0.0,0,0,0
4866.0,2025-05,1,0.0,0.0,0.0,0.0,0,0,0
4867.0,2025-04,1,0.0,0.0,0.0,0.0,0,0,1
4867.0,2025-05,7,1.0,0.0,0.0,0.0,0,0,1
4867.0,2025-06,1,7.0,9.0,0.0,0.0,1,0,1
4867.0,2025-07,1,1.0,9.0,0.0,0.0,1,0,0
4868.0,2025-05,2,0.0,0.0,0.0,0.0,0,0,0
4870.0,2025-06,1,0.0,0.0,0.0,0.0,0,0,0
4871.0,2025-10,1,0.0,0.0,0.0,0.0,0,0,0
4875.0,2025-03,1,0.0,0.0,0.0,0.0,0,0,1
4875.0,2025-05,1,1.0,0.0,0.0,0.0,0,0,0
4876.0,2025-02,1,0.0,0.0,0.0,0.0,0,0,0
4877.0,2025-03,1,0.0,0.0,0.0,0.0,0,0,0
4879.0,2025-03,1,0.0,0.0,0.0,0.0,0,0,0
4881.0,2026-01,1,0.0,0.0,0.0,0.0,0,0,0
4882.0,2025-04,1,0.0,0.0,0.0,0.0,0,0,1
4882.0,2025-06,1,1.0,0.0,0.0,0.0,0,0,0
4884.0,2025-03,1,0.0,0.0,0.0,0.0,0,0,1
4884.0,2025-05,1,1.0,0.0,0.0,0.0,0,0,1
4884.0,2025-09,2,1.0,4.0,0.0,0.0,1,0,0
4885.0,2025-09,1,0.0,0.0,0.0,0.0,0,0,1
4885.0,2025-10,1,1.0,0.0,0.0,0.0,0,0,1
4885.0,2025-12,2,1.0,4.0,0.0,0.0,1,0,0
4886.0,2025-06,2,0.0,0.0,0.0,0.0,0,0,0
4887.0,2025-03,1,0.0,0.0,0.0,0.0,0,0,1
4887.0,2025-09,3,1.0,0.0,0.0,0.0,0,0,1
4887.0,2025-12,1,3.0,5.0,0.0,0.0,1,0,0
4888.0,2025-03,1,0.0,0.0,0.0,0.0,0,0,1
4888.0,2025-05,1,1.0,0.0,0.0,0.0,0,0,1
4888.0,2025-08,1,1.0,3.0,0.0,0.0,1,0,1
4888.0,2026-01,1,1.0,3.0,0.0,0.0,1,0,0
4889.0,2025-06,1,0.0,0.0,0.0,0.0,0,0,0
4891.0,2025-11,1,0.0,0.0,0.0,0.0,0,0,0
4893.0,2025-06,1,0.0,0.0,0.0,0.0,0,0,0
4894.0,2025-04,1,0.0,0.0,0.0,0.0,0,0,1
4894.0,2025-05,1,1.0,0.0,0.0,0.0,0,0,1
4894.0,2025-07,1,1.0,3.0,0.0,0.0,1,0,0
4900.0,2025-07,1,0.0,0.0,0.0,0.0,0,0,0
4931.0,2025-04,1,0.0,0.0,0.0,0.0,0,0,1
4931.0,2025-11,1,1.0,0.0,0.0,0.0,0,0,0
4932.0,2025-03,1,0.0,0.0,0.0,0.0,0,0,1
4932.0,2025-05,1,1.0,0.0,0.0,0.0,0,0,1
4932.0,2025-11,1,1.0,3.0,0.0,0.0,1,0,0
4933.0,2025-04,1,0.0,0.0,0.0,0.0,0,0,0
4936.0,2025-02,1,0.0,0.0,0.0,0.0,0,0,1
4936.0,2025-03,3,1.0,0.0,0.0,0.0,0,0,1
4936.0,2025-10,2,3.0,6.0,0.0,0.0,1,0,0
4938.0,2025-11,1,0.0,0.0,0.0,0.0,0,0,0
4940.0,2025-03,2,0.0,0.0,0.0,0.0,0,0,0
4942.0,2025-02,1,0.0,0.0,0.0,0.0,0,0,1
4942.0,2025-03,1,1.0,0.0,0.0,0.0,0,0,1
4942.0,2025-05,1,1.0,3.0,0.0,0.0,1,0,1
4942.0,2025-10,1,1.0,3.0,0.0,0.0,1,0,1
4942.0,2025-12,1,1.0,3.0,0.0,0.0,1,0,1
4942.0,2026-01,1,1.0,3.0,6.0,0.0,1,1,0
4943.0,2025-05,1,0.0,0.0,0.0,0.0,0,0,0
4944.0,2025-02,1,0.0,0.0,0.0,0.0,0,0,1
4944.0,2025-05,1,1.0,0.0,0.0,0.0,0,0,1
4944.0,2025-06,3,1.0,5.0,0.0,0.0,1,0,1
4944.0,2025-12,1,3.0,5.0,0.0,0.0,1,0,0
4945.0,2025-02,2,0.0,0.0,0.0,0.0,0,0,1
4945.0,2025-03,1,2.0,0.0,0.0,0.0,0,0,1
4945.0,2025-04,1,1.0,4.0,0.0,0.0,1,0,1
4945.0,2025-05,4,1.0,6.0,0.0,0.0,1,0,1
4945.0,2025-06,3,4.0,8.0,0.0,0.0,1,0,0
4946.0,2025-06,2,0.0,0.0,0.0,0.0,0,0,0
4947.0,2025-02,6,0.0,0.0,0.0,0.0,0,0,1
4947.0,2025-03,2,6.0,0.0,0.0,0.0,0,0,1
4947.0,2025-06,2,2.0,10.0,0.0,0.0,1,0,1
4947.0,2025-10,2,2.0,6.0,0.0,0.0,1,0,1
4947.0,2026-01,1,2.0,5.0,0.0,0.0,1,0,0
4948.0,2025-06,1,0.0,0.0,0.0,0.0,0,0,0
4949.0,2025-02,1,0.0,0.0,0.0,0.0,0,0,1
4949.0,2025-06,1,1.0,0.0,0.0,0.0,0,0,1
4949.0,2025-10,1,1.0,3.0,0.0,0.0,1,0,0
4950.0,2025-05,1,0.0,0.0,0.0,0.0,0,0,1
4950.0,2025-06,1,1.0,0.0,0.0,0.0,0,0,1
4950.0,2026-01,1,1.0,3.0,0.0,0.0,1,0,0
4951.0,2025-02,2,0.0,0.0,0.0,0.0,0,0,1
4951.0,2025-04,2,2.0,0.0,0.0,0.0,0,0,0
4952.0,2025-05,1,0.0,0.0,0.0,0.0,0,0,1
4952.0,2025-07,1,1.0,0.0,0.0,0.0,0,0,0
4953.0,2025-03,1,0.0,0.0,0.0,0.0,0,0,1
4953.0,2025-04,2,1.0,0.0,0.0,0.0,0,0,0
4954.0,2025-03,1,0.0,0.0,0.0,0.0,0,0,0
4955.0,2025-02,1,0.0,0.0,0.0,0.0,0,0,1
4955.0,2025-04,1,1.0,0.0,0.0,0.0,0,0,1
4955.0,2025-05,1,1.0,3.0,0.0,0.0,1,0,1
4955.0,2025-08,1,1.0,3.0,0.0,0.0,1,0,1
4955.0,2025-09,5,1.0,7.0,0.0,0.0,1,0,1
4955.0,2025-10,2,5.0,8.0,11.0,0.0,1,1,0
4956.0,2025-03,2,0.0,0.0,0.0,0.0,0,0,0
4957.0,2025-03,3,0.0,0.0,0.0,0.0,0,0,1
4957.0,2025-04,1,3.0,0.0,0.0,0.0,0,0,1
4957.0,2025-09,1,1.0,5.0,0.0,0.0,1,0,0
4959.0,2025-03,1,0.0,0.0,0.0,0.0,0,0,1
4959.0,2025-05,1,1.0,0.0,0.0,0.0,0,0,0
4961.0,2025-04,1,0.0,0.0,0.0,0.0,0,0,1
4961.0,2025-07,1,1.0,0.0,0.0,0.0,0,0,1
4961.0,2025-11,1,1.0,3.0,0.0,0.0,1,0,0
4962.0,2025-04,1,0.0,0.0,0.0,0.0,0,0,1
4962.0,2025-05,1,1.0,0.0,0.0,0.0,0,0,0
4963.0,2025-03,3,0.0,0.0,0.0,0.0,0,0,1
4963.0,2025-04,11,3.0,0.0,0.0,0.0,0,0,1
4963.0,2025-05,4,11.0,18.0,0.0,0.0,1,0,1
4963.0,2025-06,3,4.0,18.0,0.0,0.0,1,0,1
4963.0,2025-07,1,3.0,8.0,0.0,0.0,1,0,1
4963.0,2025-08,2,1.0,6.0,24.0,0.0,1,1,1
4963.0,2025-09,1,2.0,4.0,22.0,0.0,1,1,0
4964.0,2025-03,1,0.0,0.0,0.0,0.0,0,0,1
4964.0,2025-05,1,1.0,0.0,0.0,0.0,0,0,1
4964.0,2025-09,1,1.0,3.0,0.0,0.0,1,0,1
4964.0,2026-01,1,1.0,3.0,0.0,0.0,1,0,0
4965.0,2025-02,1,0.0,0.0,0.0,0.0,0,0,1
4965.0,2025-05,3,1.0,0.0,0.0,0.0,0,0,1
4965.0,2025-07,1,3.0,5.0,0.0,0.0,1,0,0
4966.0,2025-02,4,0.0,0.0,0.0,0.0,0,0,1
4966.0,2026-01,1,4.0,0.0,0.0,0.0,0,0,0
4967.0,2025-02,1,0.0,0.0,0.0,0.0,0,0,0
4969.0,2025-02,2,0.0,0.0,0.0,0.0,0,0,1
4969.0,2025-03,2,2.0,0.0,0.0,0.0,0,0,0
4970.0,2025-03,1,0.0,0.0,0.0,0.0,0,0,1
4970.0,2025-07,1,1.0,0.0,0.0,0.0,0,0,0
4971.0,2025-06,2,0.0,0.0,0.0,0.0,0,0,1
4971.0,2025-07,1,2.0,0.0,0.0,0.0,0,0,0
4972.0,2025-03,1,0.0,0.0,0.0,0.0,0,0,1
4972.0,2025-05,1,1.0,0.0,0.0,0.0,0,0,1
4972.0,2025-09,2,1.0,4.0,0.0,0.0,1,0,1
4972.0,2025-10,2,2.0,5.0,0.0,0.0,1,0,0
4973.0,2025-04,1,0.0,0.0,0.0,0.0,0,0,1
4973.0,2025-05,2,1.0,0.0,0.0,0.0,0,0,0
4974.0,2025-03,1,0.0,0.0,0.0,0.0,0,0,1
4974.0,2025-04,1,1.0,0.0,0.0,0.0,0,0,1
4974.0,2025-06,2,1.0,4.0,0.0,0.0,1,0,1
4974.0,2025-07,2,2.0,5.0,0.0,0.0,1,0,1
4974.0,2025-11,2,2.0,6.0,0.0,0.0,1,0,0
4975.0,2025-03,1,0.0,0.0,0.0,0.0,0,0,1
4975.0,2025-05,2,1.0,0.0,0.0,0.0,0,0,1
4975.0,2025-06,1,2.0,4.0,0.0,0.0,1,0,1
4975.0,2025-08,1,1.0,4.0,0.0,0.0,1,0,1
4975.0,2025-09,1,1.0,3.0,0.0,0.0,1,0,1
4975.0,2026-01,2,1.0,4.0,8.0,0.0,1,1,0
4976.0,2025-03,2,0.0,0.0,0.0,0.0,0,0,1
4976.0,2025-05,1,2.0,0.0,0.0,0.0,0,0,0
4977.0,2025-02,1,0.0,0.0,0.0,0.0,0,0,1
4977.0,2025-05,1,1.0,0.0,0.0,0.0,0,0,0
4978.0,2025-06,1,0.0,0.0,0.0,0.0,0,0,1
4978.0,2025-08,2,1.0,0.0,0.0,0.0,0,0,1
4978.0,2025-09,2,2.0,5.0,0.0,0.0,1,0,1
4978.0,2025-10,1,2.0,5.0,0.0,0.0,1,0,1
4978.0,2025-12,1,1.0,4.0,0.0,0.0,1,0,0
4979.0,2025-07,1,0.0,0.0,0.0,0.0,0,0,1
4979.0,2025-12,1,1.0,0.0,0.0,0.0,0,0,0
4981.0,2025-03,1,0.0,0.0,0.0,0.0,0,0,0
4984.0,2025-08,1,0.0,0.0,0.0,0.0,0,0,0
4985.0,2025-05,1,0.0,0.0,0.0,0.0,0,0,0
4986.0,2025-07,1,0.0,0.0,0.0,0.0,0,0,0
4989.0,2025-11,1,0.0,0.0,0.0,0.0,0,0,0
5019.0,2025-02,1,0.0,0.0,0.0,0.0,0,0,1
5019.0,2025-05,1,1.0,0.0,0.0,0.0,0,0,1
5019.0,2025-07,1,1.0,3.0,0.0,0.0,1,0,0
5021.0,2025-02,1,0.0,0.0,0.0,0.0,0,0,0
5031.0,2025-02,1,0.0,0.0,0.0,0.0,0,0,1
5031.0,2025-03,1,1.0,0.0,0.0,0.0,0,0,1
5031.0,2025-08,1,1.0,3.0,0.0,0.0,1,0,0
5032.0,2025-06,1,0.0,0.0,0.0,0.0,0,0,1
5032.0,2025-10,1,1.0,0.0,0.0,0.0,0,0,0
5034.0,2025-08,2,0.0,0.0,0.0,0.0,0,0,0
5035.0,2025-05,1,0.0,0.0,0.0,0.0,0,0,1
5035.0,2025-08,1,1.0,0.0,0.0,0.0,0,0,0
5038.0,2025-03,1,0.0,0.0,0.0,0.0,0,0,1
5038.0,2025-06,1,1.0,0.0,0.0,0.0,0,0,0
5040.0,2025-05,2,0.0,0.0,0.0,0.0,0,0,0
5041.0,2025-06,1,0.0,0.0,0.0,0.0,0,0,0
5046.0,2025-02,2,0.0,0.0,0.0,0.0,0,0,1
5046.0,2025-08,4,2.0,0.0,0.0,0.0,0,0,0
5047.0,2025-02,2,0.0,0.0,0.0,0.0,0,0,1
5047.0,2025-07,1,2.0,0.0,0.0,0.0,0,0,0
5048.0,2025-09,1,0.0,0.0,0.0,0.0,0,0,0
5049.0,2025-07,1,0.0,0.0,0.0,0.0,0,0,1
5049.0,2025-12,1,1.0,0.0,0.0,0.0,0,0,0
5050.0,2025-04,1,0.0,0.0,0.0,0.0,0,0,0
5051.0,2025-04,1,0.0,0.0,0.0,0.0,0,0,1
5051.0,2025-05,1,1.0,0.0,0.0,0.0,0,0,0
5053.0,2025-04,1,0.0,0.0,0.0,0.0,0,0,1
5053.0,2025-08,1,1.0,0.0,0.0,0.0,0,0,0
5054.0,2025-08,1,0.0,0.0,0.0,0.0,0,0,0
5055.0,2025-07,1,0.0,0.0,0.0,0.0,0,0,0
5056.0,2025-10,1,0.0,0.0,0.0,0.0,0,0,0
5057.0,2025-05,1,0.0,0.0,0.0,0.0,0,0,0
5059.0,2025-05,1,0.0,0.0,0.0,0.0,0,0,0
5061.0,2025-08,1,0.0,0.0,0.0,0.0,0,0,0
5062.0,2025-03,2,0.0,0.0,0.0,0.0,0,0,1
5062.0,2025-06,3,2.0,0.0,0.0,0.0,0,0,1
5062.0,2025-11,1,3.0,6.0,0.0,0.0,1,0,0
5064.0,2025-04,1,0.0,0.0,0.0,0.0,0,0,1
5064.0,2025-09,1,1.0,0.0,0.0,0.0,0,0,0
5065.0,2025-03,1,0.0,0.0,0.0,0.0,0,0,0
5068.0,2025-04,1,0.0,0.0,0.0,0.0,0,0,1
5068.0,2025-10,2,1.0,0.0,0.0,0.0,0,0,0
5069.0,2025-03,1,0.0,0.0,0.0,0.0,0,0,0
5071.0,2025-07,1,0.0,0.0,0.0,0.0,0,0,0
5108.0,2025-05,1,0.0,0.0,0.0,0.0,0,0,0
5112.0,2025-03,1,0.0,0.0,0.0,0.0,0,0,1
5112.0,2025-05,3,1.0,0.0,0.0,0.0,0,0,1
5112.0,2025-07,1,3.0,5.0,0.0,0.0,1,0,1
5112.0,2025-10,1,1.0,5.0,0.0,0.0,1,0,0
5114.0,2025-10,1,0.0,0.0,0.0,0.0,0,0,0
5116.0,2025-04,1,0.0,0.0,0.0,0.0,0,0,1
5116.0,2025-07,1,1.0,0.0,0.0,0.0,0,0,0
5118.0,2025-07,1,0.0,0.0,0.0,0.0,0,0,1
5118.0,2025-08,1,1.0,0.0,0.0,0.0,0,0,0
5119.0,2025-06,1,0.0,0.0,0.0,0.0,0,0,1
5119.0,2025-08,1,1.0,0.0,0.0,0.0,0,0,0
5120.0,2025-03,1,0.0,0.0,0.0,0.0,0,0,0
5123.0,2025-03,1,0.0,0.0,0.0,0.0,0,0,1
5123.0,2025-05,3,1.0,0.0,0.0,0.0,0,0,1
5123.0,2025-06,1,3.0,5.0,0.0,0.0,1,0,1
5123.0,2025-10,1,1.0,5.0,0.0,0.0,1,0,1
5123.0,2026-01,1,1.0,3.0,0.0,0.0,1,0,0
5124.0,2026-01,1,0.0,0.0,0.0,0.0,0,0,0
5126.0,2025-03,1,0.0,0.0,0.0,0.0,0,0,1
5126.0,2025-06,1,1.0,0.0,0.0,0.0,0,0,0
5127.0,2025-03,1,0.0,0.0,0.0,0.0,0,0,1
5127.0,2025-06,2,1.0,0.0,0.0,0.0,0,0,1
5127.0,2026-01,1,2.0,4.0,0.0,0.0,1,0,0
5129.0,2025-06,1,0.0,0.0,0.0,0.0,0,0,1
5129.0,2025-08,1,1.0,0.0,0.0,0.0,0,0,0
5130.0,2025-02,3,0.0,0.0,0.0,0.0,0,0,1
5130.0,2025-03,1,3.0,0.0,0.0,0.0,0,0,1
5130.0,2025-10,1,1.0,5.0,0.0,0.0,1,0,1
5130.0,2025-11,1,1.0,3.0,0.0,0.0,1,0,0
5131.0,2025-02,1,0.0,0.0,0.0,0.0,0,0,1
5131.0,2025-04,1,1.0,0.0,0.0,0.0,0,0,1
5131.0,2025-09,3,1.0,5.0,0.0,0.0,1,0,1
5131.0,2025-10,1,3.0,5.0,0.0,0.0,1,0,1
5131.0,2025-12,4,1.0,8.0,0.0,0.0,1,0,0
5132.0,2025-05,1,0.0,0.0,0.0,0.0,0,0,0
5135.0,2025-02,1,0.0,0.0,0.0,0.0,0,0,0
5139.0,2025-02,5,0.0,0.0,0.0,0.0,0,0,1
5139.0,2025-03,2,5.0,0.0,0.0,0.0,0,0,1
5139.0,2025-04,3,2.0,10.0,0.0,0.0,1,0,1
5139.0,2025-05,1,3.0,6.0,0.0,0.0,1,0,0
5140.0,2025-02,1,0.0,0.0,0.0,0.0,0,0,1
5140.0,2025-08,1,1.0,0.0,0.0,0.0,0,0,0
5141.0,2025-02,1,0.0,0.0,0.0,0.0,0,0,1
5141.0,2025-12,2,1.0,0.0,0.0,0.0,0,0,0
5143.0,2025-02,1,0.0,0.0,0.0,0.0,0,0,1
5143.0,2025-04,3,1.0,0.0,0.0,0.0,0,0,1
5143.0,2025-08,1,3.0,5.0,0.0,0.0,1,0,1
5143.0,2025-09,1,1.0,5.0,0.0,0.0,1,0,0
5144.0,2025-09,1,0.0,0.0,0.0,0.0,0,0,0
5145.0,2025-02,1,0.0,0.0,0.0,0.0,0,0,1
5145.0,2025-06,1,1.0,0.0,0.0,0.0,0,0,0
5146.0,2025-03,1,0.0,0.0,0.0,0.0,0,0,1
5146.0,2025-06,1,1.0,0.0,0.0,0.0,0,0,1
5146.0,2025-07,1,1.0,3.0,0.0,0.0,1,0,1
5146.0,2025-08,1,1.0,3.0,0.0,0.0,1,0,1
5146.0,2025-09,1,1.0,3.0,0.0,0.0,1,0,1
5146.0,2025-10,1,1.0,3.0,6.0,0.0,1,1,1
5146.0,2025-11,1,1.0,3.0,6.0,0.0,1,1,1
5146.0,2025-12,1,1.0,3.0,6.0,0.0,1,1,0
5147.0,2025-04,3,0.0,0.0,0.0,0.0,0,0,0
5148.0,2025-04,1,0.0,0.0,0.0,0.0,0,0,1
5148.0,2025-05,2,1.0,0.0,0.0,0.0,0,0,0
5149.0,2025-04,1,0.0,0.0,0.0,0.0,0,0,1
5149.0,2025-05,1,1.0,0.0,0.0,0.0,0,0,1
5149.0,2025-10,1,1.0,3.0,0.0,0.0,1,0,0
5150.0,2025-03,1,0.0,0.0,0.0,0.0,0,0,1
5150.0,2025-05,2,1.0,0.0,0.0,0.0,0,0,1
5150.0,2025-06,1,2.0,4.0,0.0,0.0,1,0,1
5150.0,2025-07,1,1.0,4.0,0.0,0.0,1,0,1
5150.0,2026-01,1,1.0,3.0,0.0,0.0,1,0,0
5151.0,2025-02,1,0.0,0.0,0.0,0.0,0,0,1
5151.0,2025-04,3,1.0,0.0,0.0,0.0,0,0,1
5151.0,2025-05,1,3.0,5.0,0.0,0.0,1,0,1
5151.0,2025-06,1,1.0,5.0,0.0,0.0,1,0,1
5151.0,2025-08,1,1.0,3.0,0.0,0.0,1,0,1
5151.0,2025-10,1,1.0,3.0,8.0,0.0,1,1,1
5151.0,2025-11,1,1.0,3.0,8.0,0.0,1,1,0
5152.0,2025-07,1,0.0,0.0,0.0,0.0,0,0,1
5152.0,2025-10,1,1.0,0.0,0.0,0.0,0,0,0
5153.0,2025-03,1,0.0,0.0,0.0,0.0,0,0,1
5153.0,2025-05,1,1.0,0.0,0.0,0.0,0,0,1
5153.0,2025-09,1,1.0,3.0,0.0,0.0,1,0,0
5155.0,2025-02,1,0.0,0.0,0.0,0.0,0,0,1
5155.0,2025-05,1,1.0,0.0,0.0,0.0,0,0,0
5156.0,2025-11,1,0.0,0.0,0.0,0.0,0,0,0
5158.0,2025-04,1,0.0,0.0,0.0,0.0,0,0,1
5158.0,2025-09,1,1.0,0.0,0.0,0.0,0,0,0
5159.0,2025-04,1,0.0,0.0,0.0,0.0,0,0,1
5159.0,2025-07,2,1.0,0.0,0.0,0.0,0,0,1
5159.0,2025-08,1,2.0,4.0,0.0,0.0,1,0,0
5160.0,2025-04,1,0.0,0.0,0.0,0.0,0,0,1
5160.0,2025-09,1,1.0,0.0,0.0,0.0,0,0,1
5160.0,2026-01,1,1.0,3.0,0.0,0.0,1,0,0
5161.0,2025-02,1,0.0,0.0,0.0,0.0,0,0,1
5161.0,2025-05,1,1.0,0.0,0.0,0.0,0,0,1
5161.0,2025-06,1,1.0,3.0,0.0,0.0,1,0,1
5161.0,2025-08,2,1.0,4.0,0.0,0.0,1,0,1
5161.0,2025-09,1,2.0,4.0,0.0,0.0,1,0,1
5161.0,2025-10,1,1.0,4.0,7.0,0.0,1,1,1
5161.0,2026-01,1,1.0,3.0,7.0,0.0,1,1,0
5162.0,2025-02,1,0.0,0.0,0.0,0.0,0,0,1
5162.0,2025-03,2,1.0,0.0,0.0,0.0,0,0,1
5162.0,2025-04,1,2.0,4.0,0.0,0.0,1,0,1
5162.0,2025-08,1,1.0,4.0,0.0,0.0,1,0,0
5164.0,2025-03,1,0.0,0.0,0.0,0.0,0,0,1
5164.0,2025-04,1,1.0,0.0,0.0,0.0,0,0,0
5165.0,2025-05,1,0.0,0.0,0.0,0.0,0,0,1
5165.0,2025-10,1,1.0,0.0,0.0,0.0,0,0,0
5166.0,2025-07,1,0.0,0.0,0.0,0.0,0,0,0
5167.0,2025-06,1,0.0,0.0,0.0,0.0,0,0,0
5170.0,2025-03,1,0.0,0.0,0.0,0.0,0,0,0
5172.0,2025-03,1,0.0,0.0,0.0,0.0,0,0,0
5197.0,2025-06,1,0.0,0.0,0.0,0.0,0,0,0
5198.0,2025-04,1,0.0,0.0,0.0,0.0,0,0,0
5201.0,2025-06,1,0.0,0.0,0.0,0.0,0,0,0
5204.0,2025-10,1,0.0,0.0,0.0,0.0,0,0,0
5207.0,2025-02,1,0.0,0.0,0.0,0.0,0,0,1
5207.0,2025-05,1,1.0,0.0,0.0,0.0,0,0,1
5207.0,2025-06,1,1.0,3.0,0.0,0.0,1,0,0
5208.0,2025-04,1,0.0,0.0,0.0,0.0,0,0,1
5208.0,2025-07,1,1.0,0.0,0.0,0.0,0,0,1
5208.0,2025-11,1,1.0,3.0,0.0,0.0,1,0,1
5208.0,2025-12,1,1.0,3.0,0.0,0.0,1,0,0
5209.0,2025-02,1,0.0,0.0,0.0,0.0,0,0,1
5209.0,2025-04,1,1.0,0.0,0.0,0.0,0,0,1
5209.0,2025-06,2,1.0,4.0,0.0,0.0,1,0,1
5209.0,2025-07,1,2.0,4.0,0.0,0.0,1,0,1
5209.0,2025-10,1,1.0,4.0,0.0,0.0,1,0,0
5210.0,2025-04,1,0.0,0.0,0.0,0.0,0,0,1
5210.0,2025-05,1,1.0,0.0,0.0,0.0,0,0,0
5218.0,2025-02,1,0.0,0.0,0.0,0.0,0,0,1
5218.0,2025-06,1,1.0,0.0,0.0,0.0,0,0,0
5219.0,2025-02,1,0.0,0.0,0.0,0.0,0,0,0
5228.0,2025-03,1,0.0,0.0,0.0,0.0,0,0,1
5228.0,2025-05,2,1.0,0.0,0.0,0.0,0,0,0
5229.0,2025-04,1,0.0,0.0,0.0,0.0,0,0,1
5229.0,2025-07,2,1.0,0.0,0.0,0.0,0,0,0
5232.0,2025-06,1,0.0,0.0,0.0,0.0,0,0,0
5234.0,2025-05,1,0.0,0.0,0.0,0.0,0,0,1
5234.0,2025-07,1,1.0,0.0,0.0,0.0,0,0,1
5234.0,2025-09,1,1.0,3.0,0.0,0.0,1,0,1
5234.0,2025-11,1,1.0,3.0,0.0,0.0,1,0,0
5235.0,2025-03,1,0.0,0.0,0.0,0.0,0,0,1
5235.0,2025-05,1,1.0,0.0,0.0,0.0,0,0,0
5237.0,2025-03,2,0.0,0.0,0.0,0.0,0,0,0
5239.0,2025-08,1,0.0,0.0,0.0,0.0,0,0,1
5239.0,2025-11,1,1.0,0.0,0.0,0.0,0,0,0
5240.0,2025-05,1,0.0,0.0,0.0,0.0,0,0,1
5240.0,2025-07,1,1.0,0.0,0.0,0.0,0,0,0
5241.0,2025-05,1,0.0,0.0,0.0,0.0,0,0,0
5242.0,2025-03,1,0.0,0.0,0.0,0.0,0,0,0
5243.0,2025-11,1,0.0,0.0,0.0,0.0,0,0,0
5247.0,2025-03,1,0.0,0.0,0.0,0.0,0,0,0
5248.0,2025-03,1,0.0,0.0,0.0,0.0,0,0,1
5248.0,2025-04,2,1.0,0.0,0.0,0.0,0,0,1
5248.0,2025-05,3,2.0,6.0,0.0,0.0,1,0,1
5248.0,2025-06,3,3.0,8.0,0.0,0.0,1,0,1
5248.0,2025-07,5,3.0,11.0,0.0,0.0,1,0,1
5248.0,2025-08,1,5.0,9.0,15.0,0.0,1,1,0
5249.0,2025-02,4,0.0,0.0,0.0,0.0,0,0,1
5249.0,2025-03,1,4.0,0.0,0.0,0.0,0,0,1
5249.0,2025-04,3,1.0,8.0,0.0,0.0,1,0,1
5249.0,2025-05,2,3.0,6.0,0.0,0.0,1,0,1
5249.0,2025-06,8,2.0,13.0,0.0,0.0,1,0,1
5249.0,2025-07,7,8.0,17.0,25.0,0.0,1,1,1
5249.0,2025-08,4,7.0,19.0,25.0,0.0,1,1,1
5249.0,2025-09,5,4.0,16.0,29.0,0.0,1,1,0
5253.0,2025-03,1,0.0,0.0,0.0,0.0,0,0,1
5253.0,2025-10,1,1.0,0.0,0.0,0.0,0,0,0
5254.0,2025-03,1,0.0,0.0,0.0,0.0,0,0,0
5284.0,2025-04,1,0.0,0.0,0.0,0.0,0,0,0
5288.0,2025-06,1,0.0,0.0,0.0,0.0,0,0,1
5288.0,2025-08,1,1.0,0.0,0.0,0.0,0,0,0
5289.0,2026-01,1,0.0,0.0,0.0,0.0,0,0,0
5291.0,2025-04,1,0.0,0.0,0.0,0.0,0,0,0
5294.0,2025-03,1,0.0,0.0,0.0,0.0,0,0,0
5296.0,2025-05,1,0.0,0.0,0.0,0.0,0,0,0
5297.0,2025-05,1,0.0,0.0,0.0,0.0,0,0,0
5299.0,2025-03,1,0.0,0.0,0.0,0.0,0,0,0
5305.0,2025-02,1,0.0,0.0,0.0,0.0,0,0,0
5306.0,2025-02,1,0.0,0.0,0.0,0.0,0,0,1
5306.0,2025-05,1,1.0,0.0,0.0,0.0,0,0,1
5306.0,2025-06,2,1.0,4.0,0.0,0.0,1,0,0
5307.0,2025-02,2,0.0,0.0,0.0,0.0,0,0,0
5310.0,2025-06,1,0.0,0.0,0.0,0.0,0,0,0
5316.0,2025-11,1,0.0,0.0,0.0,0.0,0,0,0
5317.0,2025-02,2,0.0,0.0,0.0,0.0,0,0,1
5317.0,2025-10,1,2.0,0.0,0.0,0.0,0,0,1
5317.0,2025-11,1,1.0,4.0,0.0,0.0,1,0,0
5318.0,2025-09,1,0.0,0.0,0.0,0.0,0,0,0
5321.0,2025-07,1,0.0,0.0,0.0,0.0,0,0,0
5322.0,2025-03,1,0.0,0.0,0.0,0.0,0,0,1
5322.0,2025-04,1,1.0,0.0,0.0,0.0,0,0,0
5323.0,2025-07,1,0.0,0.0,0.0,0.0,0,0,0
5326.0,2025-02,1,0.0,0.0,0.0,0.0,0,0,1
5326.0,2026-01,1,1.0,0.0,0.0,0.0,0,0,0
5327.0,2025-05,1,0.0,0.0,0.0,0.0,0,0,0
5328.0,2025-08,2,0.0,0.0,0.0,0.0,0,0,0
5329.0,2025-06,1,0.0,0.0,0.0,0.0,0,0,0
5330.0,2025-06,1,0.0,0.0,0.0,0.0,0,0,0
5331.0,2025-04,1,0.0,0.0,0.0,0.0,0,0,1
5331.0,2025-06,1,1.0,0.0,0.0,0.0,0,0,1
5331.0,2025-08,1,1.0,3.0,0.0,0.0,1,0,0
5332.0,2025-12,1,0.0,0.0,0.0,0.0,0,0,0
5333.0,2025-03,2,0.0,0.0,0.0,0.0,0,0,1
5333.0,2025-06,1,2.0,0.0,0.0,0.0,0,0,1
5333.0,2025-08,1,1.0,4.0,0.0,0.0,1,0,0
5334.0,2025-05,1,0.0,0.0,0.0,0.0,0,0,0
5336.0,2025-07,2,0.0,0.0,0.0,0.0,0,0,1
5336.0,2025-08,1,2.0,0.0,0.0,0.0,0,0,0
5337.0,2025-02,1,0.0,0.0,0.0,0.0,0,0,1
5337.0,2025-05,2,1.0,0.0,0.0,0.0,0,0,1
5337.0,2025-06,1,2.0,4.0,0.0,0.0,1,0,1
5337.0,2025-07,1,1.0,4.0,0.0,0.0,1,0,1
5337.0,2025-08,3,1.0,5.0,0.0,0.0,1,0,1
5337.0,2025-09,1,3.0,5.0,9.0,0.0,1,1,0
5373.0,2025-04,1,0.0,0.0,0.0,0.0,0,0,1
5373.0,2025-05,1,1.0,0.0,0.0,0.0,0,0,1
5373.0,2025-07,1,1.0,3.0,0.0,0.0,1,0,1
5373.0,2025-09,1,1.0,3.0,0.0,0.0,1,0,0
5374.0,2025-02,2,0.0,0.0,0.0,0.0,0,0,1
5374.0,2025-04,1,2.0,0.0,0.0,0.0,0,0,1
5374.0,2025-06,1,1.0,4.0,0.0,0.0,1,0,1
5374.0,2025-08,1,1.0,3.0,0.0,0.0,1,0,1
5374.0,2025-10,2,1.0,4.0,0.0,0.0,1,0,1
5374.0,2026-01,1,2.0,4.0,8.0,0.0,1,1,0
5376.0,2025-06,1,0.0,0.0,0.0,0.0,0,0,1
5376.0,2025-07,1,1.0,0.0,0.0,0.0,0,0,1
5376.0,2025-08,2,1.0,4.0,0.0,0.0,1,0,0
5380.0,2025-04,2,0.0,0.0,0.0,0.0,0,0,1
5380.0,2025-05,1,2.0,0.0,0.0,0.0,0,0,0
5383.0,2025-07,1,0.0,0.0,0.0,0.0,0,0,1
5383.0,2025-10,1,1.0,0.0,0.0,0.0,0,0,0
5387.0,2025-05,1,0.0,0.0,0.0,0.0,0,0,0
5395.0,2025-02,1,0.0,0.0,0.0,0.0,0,0,0
5396.0,2026-01,1,0.0,0.0,0.0,0.0,0,0,0
5397.0,2025-02,1,0.0,0.0,0.0,0.0,0,0,0
5399.0,2025-10,1,0.0,0.0,0.0,0.0,0,0,0
5403.0,2025-02,1,0.0,0.0,0.0,0.0,0,0,1
5403.0,2025-04,1,1.0,0.0,0.0,0.0,0,0,0
5407.0,2025-10,1,0.0,0.0,0.0,0.0,0,0,0
5408.0,2025-09,1,0.0,0.0,0.0,0.0,0,0,0
5409.0,2025-04,1,0.0,0.0,0.0,0.0,0,0,0
5413.0,2025-08,1,0.0,0.0,0.0,0.0,0,0,0
5414.0,2026-01,4,0.0,0.0,0.0,0.0,0,0,0
5415.0,2025-11,1,0.0,0.0,0.0,0.0,0,0,1
5415.0,2026-01,1,1.0,0.0,0.0,0.0,0,0,0
5416.0,2025-07,1,0.0,0.0,0.0,0.0,0,0,0
5417.0,2025-07,1,0.0,0.0,0.0,0.0,0,0,0
5420.0,2025-04,1,0.0,0.0,0.0,0.0,0,0,1
5420.0,2025-09,1,1.0,0.0,0.0,0.0,0,0,1
5420.0,2025-10,1,1.0,3.0,0.0,0.0,1,0,0
5431.0,2025-03,1,0.0,0.0,0.0,0.0,0,0,0
5432.0,2025-11,1,0.0,0.0,0.0,0.0,0,0,0
5459.0,2025-02,1,0.0,0.0,0.0,0.0,0,0,1
5459.0,2025-03,2,1.0,0.0,0.0,0.0,0,0,1
5459.0,2025-04,1,2.0,4.0,0.0,0.0,1,0,1
5459.0,2025-05,1,1.0,4.0,0.0,0.0,1,0,1
5459.0,2025-10,1,1.0,3.0,0.0,0.0,1,0,0
5461.0,2025-02,1,0.0,0.0,0.0,0.0,0,0,0
5462.0,2025-03,1,0.0,0.0,0.0,0.0,0,0,1
5462.0,2025-04,1,1.0,0.0,0.0,0.0,0,0,0
5463.0,2025-03,1,0.0,0.0,0.0,0.0,0,0,0
5465.0,2025-11,1,0.0,0.0,0.0,0.0,0,0,0
5466.0,2025-03,1,0.0,0.0,0.0,0.0,0,0,0
5468.0,2025-07,2,0.0,0.0,0.0,0.0,0,0,0
5469.0,2025-03,1,0.0,0.0,0.0,0.0,0,0,0
5473.0,2025-07,1,0.0,0.0,0.0,0.0,0,0,0
5474.0,2025-06,1,0.0,0.0,0.0,0.0,0,0,0
5486.0,2025-02,1,0.0,0.0,0.0,0.0,0,0,1
5486.0,2025-08,1,1.0,0.0,0.0,0.0,0,0,0
5489.0,2025-05,1,0.0,0.0,0.0,0.0,0,0,0
5503.0,2025-04,1,0.0,0.0,0.0,0.0,0,0,1
5503.0,2025-08,2,1.0,0.0,0.0,0.0,0,0,0
5505.0,2025-10,1,0.0,0.0,0.0,0.0,0,0,0
5506.0,2025-03,1,0.0,0.0,0.0,0.0,0,0,1
5506.0,2025-07,1,1.0,0.0,0.0,0.0,0,0,0
5507.0,2025-03,1,0.0,0.0,0.0,0.0,0,0,0
5509.0,2025-04,3,0.0,0.0,0.0,0.0,0,0,1
5509.0,2025-06,1,3.0,0.0,0.0,0.0,0,0,1
5509.0,2026-01,1,1.0,5.0,0.0,0.0,1,0,0
5510.0,2025-03,1,0.0,0.0,0.0,0.0,0,0,0
5511.0,2025-05,1,0.0,0.0,0.0,0.0,0,0,1
5511.0,2025-06,1,1.0,0.0,0.0,0.0,0,0,1
5511.0,2025-07,1,1.0,3.0,0.0,0.0,1,0,1
5511.0,2025-10,1,1.0,3.0,0.0,0.0,1,0,0
5512.0,2025-03,1,0.0,0.0,0.0,0.0,0,0,1
5512.0,2025-09,1,1.0,0.0,0.0,0.0,0,0,1
5512.0,2025-12,1,1.0,3.0,0.0,0.0,1,0,0
5519.0,2025-04,1,0.0,0.0,0.0,0.0,0,0,0
5524.0,2025-12,1,0.0,0.0,0.0,0.0,0,0,0
5550.0,2025-03,1,0.0,0.0,0.0,0.0,0,0,0
5553.0,2025-03,1,0.0,0.0,0.0,0.0,0,0,0
5554.0,2025-04,1,0.0,0.0,0.0,0.0,0,0,0
5555.0,2025-03,1,0.0,0.0,0.0,0.0,0,0,0
5558.0,2025-05,3,0.0,0.0,0.0,0.0,0,0,1
5558.0,2025-06,1,3.0,0.0,0.0,0.0,0,0,0
5574.0,2025-09,1,0.0,0.0,0.0,0.0,0,0,0
5586.0,2025-11,1,0.0,0.0,0.0,0.0,0,0,0
5587.0,2025-03,1,0.0,0.0,0.0,0.0,0,0,1
5587.0,2025-08,1,1.0,0.0,0.0,0.0,0,0,0
5589.0,2025-12,1,0.0,0.0,0.0,0.0,0,0,0
5590.0,2025-05,1,0.0,0.0,0.0,0.0,0,0,1
5590.0,2025-06,1,1.0,0.0,0.0,0.0,0,0,0
5591.0,2025-06,1,0.0,0.0,0.0,0.0,0,0,1
5591.0,2025-08,1,1.0,0.0,0.0,0.0,0,0,1
5591.0,2025-12,1,1.0,3.0,0.0,0.0,1,0,0
5592.0,2025-02,1,0.0,0.0,0.0,0.0,0,0,1
5592.0,2025-06,1,1.0,0.0,0.0,0.0,0,0,1
5592.0,2025-10,1,1.0,3.0,0.0,0.0,1,0,0
5593.0,2025-06,1,0.0,0.0,0.0,0.0,0,0,0
5594.0,2025-06,2,0.0,0.0,0.0,0.0,0,0,1
5594.0,2025-09,1,2.0,0.0,0.0,0.0,0,0,1
5594.0,2026-01,1,1.0,4.0,0.0,0.0,1,0,0
5595.0,2025-06,1,0.0,0.0,0.0,0.0,0,0,1
5595.0,2025-11,1,1.0,0.0,0.0,0.0,0,0,0
5596.0,2025-07,1,0.0,0.0,0.0,0.0,0,0,1
5596.0,2025-10,1,1.0,0.0,0.0,0.0,0,0,1
5596.0,2025-11,1,1.0,3.0,0.0,0.0,1,0,0
5600.0,2025-05,1,0.0,0.0,0.0,0.0,0,0,0
5601.0,2025-03,1,0.0,0.0,0.0,0.0,0,0,0
5605.0,2025-03,1,0.0,0.0,0.0,0.0,0,0,0
5608.0,2025-04,1,0.0,0.0,0.0,0.0,0,0,0
5645.0,2025-03,1,0.0,0.0,0.0,0.0,0,0,0
5646.0,2025-03,1,0.0,0.0,0.0,0.0,0,0,0
5648.0,2025-03,1,0.0,0.0,0.0,0.0,0,0,0
5663.0,2025-09,1,0.0,0.0,0.0,0.0,0,0,1
5663.0,2025-11,3,1.0,0.0,0.0,0.0,0,0,0
5672.0,2025-07,1,0.0,0.0,0.0,0.0,0,0,1
5672.0,2025-09,1,1.0,0.0,0.0,0.0,0,0,0
5675.0,2025-03,1,0.0,0.0,0.0,0.0,0,0,1
5675.0,2025-05,1,1.0,0.0,0.0,0.0,0,0,0
5677.0,2025-06,4,0.0,0.0,0.0,0.0,0,0,0
5678.0,2025-03,2,0.0,0.0,0.0,0.0,0,0,1
5678.0,2025-06,2,2.0,0.0,0.0,0.0,0,0,0
5681.0,2025-03,2,0.0,0.0,0.0,0.0,0,0,1
5681.0,2025-05,1,2.0,0.0,0.0,0.0,0,0,1
5681.0,2025-06,1,1.0,4.0,0.0,0.0,1,0,1
5681.0,2025-08,1,1.0,3.0,0.0,0.0,1,0,1
5681.0,2025-11,1,1.0,3.0,0.0,0.0,1,0,1
5681.0,2025-12,1,1.0,3.0,7.0,0.0,1,1,0
5684.0,2025-03,1,0.0,0.0,0.0,0.0,0,0,1
5684.0,2025-10,1,1.0,0.0,0.0,0.0,0,0,0
5687.0,2025-10,1,0.0,0.0,0.0,0.0,0,0,0
5691.0,2025-07,1,0.0,0.0,0.0,0.0,0,0,0
5695.0,2025-06,1,0.0,0.0,0.0,0.0,0,0,0
5697.0,2026-01,1,0.0,0.0,0.0,0.0,0,0,0
5700.0,2025-08,1,0.0,0.0,0.0,0.0,0,0,1
5700.0,2025-10,1,1.0,0.0,0.0,0.0,0,0,0
5702.0,2025-03,1,0.0,0.0,0.0,0.0,0,0,0
5733.0,2025-04,1,0.0,0.0,0.0,0.0,0,0,0
5734.0,2025-04,1,0.0,0.0,0.0,0.0,0,0,0
5753.0,2025-09,1,0.0,0.0,0.0,0.0,0,0,0
5754.0,2025-03,1,0.0,0.0,0.0,0.0,0,0,0
5761.0,2025-02,1,0.0,0.0,0.0,0.0,0,0,0
5772.0,2025-04,1,0.0,0.0,0.0,0.0,0,0,0
5774.0,2025-12,1,0.0,0.0,0.0,0.0,0,0,0
5776.0,2025-04,1,0.0,0.0,0.0,0.0,0,0,0
5822.0,2025-03,1,0.0,0.0,0.0,0.0,0,0,1
5822.0,2025-04,2,1.0,0.0,0.0,0.0,0,0,1
5822.0,2025-07,1,2.0,4.0,0.0,0.0,1,0,1
5822.0,2026-01,1,1.0,4.0,0.0,0.0,1,0,0
5838.0,2025-02,1,0.0,0.0,0.0,0.0,0,0,1
5838.0,2025-04,1,1.0,0.0,0.0,0.0,0,0,1
5838.0,2025-09,1,1.0,3.0,0.0,0.0,1,0,0
5839.0,2025-02,1,0.0,0.0,0.0,0.0,0,0,1
5839.0,2025-09,1,1.0,0.0,0.0,0.0,0,0,0
5840.0,2025-06,2,0.0,0.0,0.0,0.0,0,0,0
5842.0,2025-03,3,0.0,0.0,0.0,0.0,0,0,1
5842.0,2025-05,1,3.0,0.0,0.0,0.0,0,0,1
5842.0,2025-12,1,1.0,5.0,0.0,0.0,1,0,0
5849.0,2025-04,1,0.0,0.0,0.0,0.0,0,0,0
5860.0,2025-10,1,0.0,0.0,0.0,0.0,0,0,0
5870.0,2025-02,1,0.0,0.0,0.0,0.0,0,0,0
5910.0,2025-09,1,0.0,0.0,0.0,0.0,0,0,0
5911.0,2025-11,1,0.0,0.0,0.0,0.0,0,0,0
5912.0,2025-04,1,0.0,0.0,0.0,0.0,0,0,0
5913.0,2025-12,1,0.0,0.0,0.0,0.0,0,0,0
5948.0,2025-06,1,0.0,0.0,0.0,0.0,0,0,1
5948.0,2025-10,1,1.0,0.0,0.0,0.0,0,0,0
5949.0,2025-04,1,0.0,0.0,0.0,0.0,0,0,1
5949.0,2025-06,1,1.0,0.0,0.0,0.0,0,0,1
5949.0,2025-09,1,1.0,3.0,0.0,0.0,1,0,0
5951.0,2025-04,1,0.0,0.0,0.0,0.0,0,0,1
5951.0,2025-10,1,1.0,0.0,0.0,0.0,0,0,0
5964.0,2025-07,1,0.0,0.0,0.0,0.0,0,0,0
5998.0,2025-03,1,0.0,0.0,0.0,0.0,0,0,0
5999.0,2025-08,1,0.0,0.0,0.0,0.0,0,0,0
6005.0,2025-02,1,0.0,0.0,0.0,0.0,0,0,0
6006.0,2025-05,1,0.0,0.0,0.0,0.0,0,0,0
6019.0,2025-05,2,0.0,0.0,0.0,0.0,0,0,0
6037.0,2025-05,1,0.0,0.0,0.0,0.0,0,0,1
6037.0,2025-06,1,1.0,0.0,0.0,0.0,0,0,0
6038.0,2025-10,1,0.0,0.0,0.0,0.0,0,0,0
6047.0,2026-01,1,0.0,0.0,0.0,0.0,0,0,0
6087.0,2025-03,3,0.0,0.0,0.0,0.0,0,0,1
6087.0,2025-09,1,3.0,0.0,0.0,0.0,0,0,0
6090.0,2025-03,1,0.0,0.0,0.0,0.0,0,0,0
6091.0,2025-11,1,0.0,0.0,0.0,0.0,0,0,0
6092.0,2025-02,2,0.0,0.0,0.0,0.0,0,0,0
6106.0,2025-11,1,0.0,0.0,0.0,0.0,0,0,0
6124.0,2025-10,1,0.0,0.0,0.0,0.0,0,0,0
6125.0,2025-02,1,0.0,0.0,0.0,0.0,0,0,1
6125.0,2025-04,1,1.0,0.0,0.0,0.0,0,0,1
6125.0,2025-07,1,1.0,3.0,0.0,0.0,1,0,0
6126.0,2025-03,1,0.0,0.0,0.0,0.0,0,0,1
6126.0,2025-05,1,1.0,0.0,0.0,0.0,0,0,0
6130.0,2025-06,3,0.0,0.0,0.0,0.0,0,0,1
6130.0,2025-08,2,3.0,0.0,0.0,0.0,0,0,0
6131.0,2025-03,1,0.0,0.0,0.0,0.0,0,0,0
6132.0,2025-02,3,0.0,0.0,0.0,0.0,0,0,1
6132.0,2025-06,1,3.0,0.0,0.0,0.0,0,0,1
6132.0,2025-09,5,1.0,9.0,0.0,0.0,1,0,0
6134.0,2026-01,1,0.0,0.0,0.0,0.0,0,0,0
6137.0,2025-02,1,0.0,0.0,0.0,0.0,0,0,1
6137.0,2025-04,4,1.0,0.0,0.0,0.0,0,0,1
6137.0,2025-09,1,4.0,6.0,0.0,0.0,1,0,0
6176.0,2025-06,1,0.0,0.0,0.0,0.0,0,0,0
6218.0,2025-07,1,0.0,0.0,0.0,0.0,0,0,0
6220.0,2025-11,1,0.0,0.0,0.0,0.0,0,0,0
6222.0,2026-01,1,0.0,0.0,0.0,0.0,0,0,0
6310.0,2025-04,1,0.0,0.0,0.0,0.0,0,0,1
6310.0,2025-05,1,1.0,0.0,0.0,0.0,0,0,1
6310.0,2025-06,2,1.0,4.0,0.0,0.0,1,0,0
6353.0,2025-03,1,0.0,0.0,0.0,0.0,0,0,0
6394.0,2025-12,2,0.0,0.0,0.0,0.0,0,0,0
6398.0,2025-04,1,0.0,0.0,0.0,0.0,0,0,0
6399.0,2025-04,1,0.0,0.0,0.0,0.0,0,0,0
6400.0,2025-09,1,0.0,0.0,0.0,0.0,0,0,0
6402.0,2026-01,1,0.0,0.0,0.0,0.0,0,0,0
6403.0,2025-05,1,0.0,0.0,0.0,0.0,0,0,0
6440.0,2025-02,1,0.0,0.0,0.0,0.0,0,0,1
6440.0,2025-05,1,1.0,0.0,0.0,0.0,0,0,0
6569.0,2025-06,1,0.0,0.0,0.0,0.0,0,0,0
6572.0,2025-02,1,0.0,0.0,0.0,0.0,0,0,1
6572.0,2025-05,1,1.0,0.0,0.0,0.0,0,0,1
6572.0,2025-06,1,1.0,3.0,0.0,0.0,1,0,0
6573.0,2025-05,1,0.0,0.0,0.0,0.0,0,0,1
6573.0,2025-12,1,1.0,0.0,0.0,0.0,0,0,0
6574.0,2025-04,1,0.0,0.0,0.0,0.0,0,0,1
6574.0,2025-07,1,1.0,0.0,0.0,0.0,0,0,0
6575.0,2025-04,1,0.0,0.0,0.0,0.0,0,0,1
6575.0,2025-10,2,1.0,0.0,0.0,0.0,0,0,0
6579.0,2025-04,1,0.0,0.0,0.0,0.0,0,0,0
6580.0,2025-09,1,0.0,0.0,0.0,0.0,0,0,0
6657.0,2025-06,1,0.0,0.0,0.0,0.0,0,0,0
6659.0,2025-09,1,0.0,0.0,0.0,0.0,0,0,0
6660.0,2025-09,1,0.0,0.0,0.0,0.0,0,0,0
6665.0,2025-04,1,0.0,0.0,0.0,0.0,0,0,0
6745.0,2025-12,3,0.0,0.0,0.0,0.0,0,0,0
6752.0,2025-02,4,0.0,0.0,0.0,0.0,0,0,0
6753.0,2025-10,1,0.0,0.0,0.0,0.0,0,0,0
6755.0,2025-11,1,0.0,0.0,0.0,0.0,0,0,0
6837.0,2025-11,1,0.0,0.0,0.0,0.0,0,0,0
6839.0,2026-01,1,0.0,0.0,0.0,0.0,0,0,0
6841.0,2025-09,1,0.0,0.0,0.0,0.0,0,0,1
6841.0,2025-11,1,1.0,0.0,0.0,0.0,0,0,0
6921.0,2025-12,1,0.0,0.0,0.0,0.0,0,0,0
6925.0,2025-05,1,0.0,0.0,0.0,0.0,0,0,0
7013.0,2025-08,2,0.0,0.0,0.0,0.0,0,0,0
7014.0,2025-06,1,0.0,0.0,0.0,0.0,0,0,0
7016.0,2025-05,1,0.0,0.0,0.0,0.0,0,0,0
7019.0,2026-01,1,0.0,0.0,0.0,0.0,0,0,0
7100.0,2025-11,1,0.0,0.0,0.0,0.0,0,0,0
7101.0,2025-04,1,0.0,0.0,0.0,0.0,0,0,0
7104.0,2025-02,1,0.0,0.0,0.0,0.0,0,0,0
7107.0,2025-11,1,0.0,0.0,0.0,0.0,0,0,0
7274.0,2025-10,1,0.0,0.0,0.0,0.0,0,0,0
7275.0,2025-07,1,0.0,0.0,0.0,0.0,0,0,0
7284.0,2025-09,1,0.0,0.0,0.0,0.0,0,0,0
7362.0,2025-10,1,0.0,0.0,0.0,0.0,0,0,0
7364.0,2025-04,1,0.0,0.0,0.0,0.0,0,0,0
7367.0,2025-06,1,0.0,0.0,0.0,0.0,0,0,0
7370.0,2025-08,1,0.0,0.0,0.0,0.0,0,0,0
7451.0,2025-10,1,0.0,0.0,0.0,0.0,0,0,0
7538.0,2025-02,1,0.0,0.0,0.0,0.0,0,0,1
7538.0,2025-03,2,1.0,0.0,0.0,0.0,0,0,1
7538.0,2025-05,3,2.0,6.0,0.0,0.0,1,0,1
7538.0,2025-06,1,3.0,6.0,0.0,0.0,1,0,0
7539.0,2025-03,1,0.0,0.0,0.0,0.0,0,0,1
7539.0,2025-08,1,1.0,0.0,0.0,0.0,0,0,1
7539.0,2026-01,1,1.0,3.0,0.0,0.0,1,0,0
7542.0,2025-06,1,0.0,0.0,0.0,0.0,0,0,1
7542.0,2025-08,1,1.0,0.0,0.0,0.0,0,0,1
7542.0,2026-01,1,1.0,3.0,0.0,0.0,1,0,0
7543.0,2025-08,1,0.0,0.0,0.0,0.0,0,0,0
7546.0,2025-05,1,0.0,0.0,0.0,0.0,0,0,0
7632.0,2025-08,1,0.0,0.0,0.0,0.0,0,0,1
7632.0,2025-09,1,1.0,0.0,0.0,0.0,0,0,0
7634.0,2025-07,1,0.0,0.0,0.0,0.0,0,0,0
7714.0,2025-05,1,0.0,0.0,0.0,0.0,0,0,1
7714.0,2025-12,2,1.0,0.0,0.0,0.0,0,0,0
7720.0,2025-09,1,0.0,0.0,0.0,0.0,0,0,0
7723.0,2025-11,1,0.0,0.0,0.0,0.0,0,0,0
7807.0,2025-02,1,0.0,0.0,0.0,0.0,0,0,1
7807.0,2025-05,1,1.0,0.0,0.0,0.0,0,0,0
7811.0,2025-08,1,0.0,0.0,0.0,0.0,0,0,0
7982.0,2025-08,1,0.0,0.0,0.0,0.0,0,0,1
7982.0,2025-09,1,1.0,0.0,0.0,0.0,0,0,0
8246.0,2025-07,1,0.0,0.0,0.0,0.0,0,0,0
8334.0,2025-02,1,0.0,0.0,0.0,0.0,0,0,1
8334.0,2025-04,1,1.0,0.0,0.0,0.0,0,0,1
8334.0,2025-06,1,1.0,3.0,0.0,0.0,1,0,0
8336.0,2025-02,1,0.0,0.0,0.0,0.0,0,0,0
8421.0,2025-03,1,0.0,0.0,0.0,0.0,0,0,0
8422.0,2025-03,1,0.0,0.0,0.0,0.0,0,0,1
8422.0,2026-01,1,1.0,0.0,0.0,0.0,0,0,0
8441.0,2025-03,1,0.0,0.0,0.0,0.0,0,0,0
8507.0,2025-04,1,0.0,0.0,0.0,0.0,0,0,1
8507.0,2025-09,1,1.0,0.0,0.0,0.0,0,0,0
8511.0,2025-04,1,0.0,0.0,0.0,0.0,0,0,1
8511.0,2025-09,1,1.0,0.0,0.0,0.0,0,0,0
8512.0,2025-05,2,0.0,0.0,0.0,0.0,0,0,0
8513.0,2025-05,1,0.0,0.0,0.0,0.0,0,0,0
8516.0,2025-08,1,0.0,0.0,0.0,0.0,0,0,1
8516.0,2025-12,1,1.0,0.0,0.0,0.0,0,0,0
8521.0,2025-05,2,0.0,0.0,0.0,0.0,0,0,0
8525.0,2025-08,1,0.0,0.0,0.0,0.0,0,0,0
8526.0,2025-03,1,0.0,0.0,0.0,0.0,0,0,0
8528.0,2025-03,1,0.0,0.0,0.0,0.0,0,0,1
8528.0,2025-06,3,1.0,0.0,0.0,0.0,0,0,0
8532.0,2025-06,1,0.0,0.0,0.0,0.0,0,0,0
8597.0,2025-03,1,0.0,0.0,0.0,0.0,0,0,0
8599.0,2025-08,1,0.0,0.0,0.0,0.0,0,0,0
8604.0,2025-05,1,0.0,0.0,0.0,0.0,0,0,0
8692.0,2025-03,1,0.0,0.0,0.0,0.0,0,0,0
8696.0,2025-05,1,0.0,0.0,0.0,0.0,0,0,1
8696.0,2025-06,1,1.0,0.0,0.0,0.0,0,0,0
8774.0,2025-10,4,0.0,0.0,0.0,0.0,0,0,0
8775.0,2025-04,2,0.0,0.0,0.0,0.0,0,0,1
8775.0,2025-09,1,2.0,0.0,0.0,0.0,0,0,1
8775.0,2025-10,1,1.0,4.0,0.0,0.0,1,0,0
8777.0,2025-06,1,0.0,0.0,0.0,0.0,0,0,0
8858.0,2025-08,2,0.0,0.0,0.0,0.0,0,0,0
8867.0,2025-05,3,0.0,0.0,0.0,0.0,0,0,0
8946.0,2025-08,1,0.0,0.0,0.0,0.0,0,0,0
8947.0,2025-04,1,0.0,0.0,0.0,0.0,0,0,1
8947.0,2025-06,1,1.0,0.0,0.0,0.0,0,0,0
8948.0,2025-05,1,0.0,0.0,0.0,0.0,0,0,1
8948.0,2025-06,1,1.0,0.0,0.0,0.0,0,0,0
8956.0,2025-03,1,0.0,0.0,0.0,0.0,0,0,0
9121.0,2025-09,1,0.0,0.0,0.0,0.0,0,0,0
9131.0,2026-01,1,0.0,0.0,0.0,0.0,0,0,0
9210.0,2025-03,1,0.0,0.0,0.0,0.0,0,0,0
9212.0,2025-06,1,0.0,0.0,0.0,0.0,0,0,0
9217.0,2025-06,1,0.0,0.0,0.0,0.0,0,0,0
9298.0,2025-04,1,0.0,0.0,0.0,0.0,0,0,0
9299.0,2025-05,2,0.0,0.0,0.0,0.0,0,0,1
9299.0,2025-07,1,2.0,0.0,0.0,0.0,0,0,0
9303.0,2025-07,1,0.0,0.0,0.0,0.0,0,0,0
9386.0,2025-11,1,0.0,0.0,0.0,0.0,0,0,0
9389.0,2026-01,1,0.0,0.0,0.0,0.0,0,0,0
9396.0,2025-09,1,0.0,0.0,0.0,0.0,0,0,0
10461.0,2025-02,1,0.0,0.0,0.0,0.0,0,0,0
10994.0,2025-04,1,0.0,0.0,0.0,0.0,0,0,0
10998.0,2025-04,1,0.0,0.0,0.0,0.0,0,0,0
10999.0,2025-04,1,0.0,0.0,0.0,0.0,0,0,0
